,gene,baseMean,log2FoldChange,lfcSE,stat,pvalue,padj,updown,symbol,genename,ensembl,refseq,entrezid,GO
1,FBgn0000003,1013.14457810779,1.08410033778063,0.290932561916426,3.72629426778312,0.000194315535275737,0.00367862353018343,1,7SLRNA:CR32864,Signal recognition particle 7SL RNA CR32864,FBgn0000003,NR_001992,3771948,GO:0005786|GO:0006614
2,FBgn0000092,254.643874694614,1.29094350873239,0.183731076811608,7.02626649304452,2.1213312224348e-12,3.30467622964843e-10,1,dyw,daywake,FBgn0000092,NM_130660,31252,GO:0005615|GO:0005615|GO:0007623|GO:0010841|GO:0032504
3,FBgn0000182,30.1590827974561,2.68190909682105,0.817577926499306,3.28031005962259,0.00103693059674451,0.0136951099243172,1,BicC,Bicaudal C,FBgn0000182,NM_057517,34946,GO:0000226|GO:0000278|GO:0003723|GO:0003729|GO:0003729|GO:0005515|GO:0005737|GO:0007297|GO:0007319|GO:0008104|GO:0030036|GO:0048477
4,FBgn0000337,61.1221305623121,-2.0609352994678,0.333498775430736,-6.17973873159194,6.42077719977029e-10,5.93004637093071e-08,-1,cn,cinnabar,FBgn0000337,NM_078927,35724,GO:0004502|GO:0004502|GO:0004502|GO:0005741|GO:0005741|GO:0006569|GO:0006569|GO:0006727|GO:0016174|GO:0019674|GO:0019674|GO:0019805|GO:0048072|GO:0050660|GO:0070189|GO:0070189|GO:0071949|GO:1901216
5,FBgn0000358,43.9855942580207,2.85573533971474,0.767232497182086,3.72212510575786,0.000197553093509404,0.00372355903655481,1,Cp19,Chorion protein 19,FBgn0000358,NM_079256,39000,GO:0007275|GO:0042600
6,FBgn0000359,154.845474324353,9.41815695998067,2.42797342183488,3.87901979291979,0.000104878222017619,0.00221943602403897,1,Cp36,Chorion protein 36,FBgn0000359,NM_078532,31787,GO:0005213|GO:0005213|GO:0007305|GO:0007306|GO:0042600
7,FBgn0000360,195.583241415006,11.2014388075034,2.25884043843207,4.95893318400065,7.08813384539815e-07,3.14946978079031e-05,1,Cp38,Chorion protein 38,FBgn0000360,NM_001169232,31788,NA
8,FBgn0000404,82.2388289663542,1.32589938043502,0.336363442434118,3.94186529558639,8.08503819704691e-05,0.00179621209429238,1,CycA,Cyclin A,FBgn0000404,NM_001259795,39340,GO:0000070|GO:0000079|GO:0000278|GO:0000307|GO:0001673|GO:0005515|GO:0005634|GO:0005634|GO:0005737|GO:0005737|GO:0005829|GO:0007088|GO:0007096|GO:0009794|GO:0016538|GO:0016538|GO:0016538|GO:0035186|GO:0035561|GO:0044772|GO:0045169|GO:0045170|GO:0045202|GO:0055059|GO:0097124|GO:2000738
9,FBgn0000451,38.0831503005694,1.32863693812025,0.369884536994672,3.59203158076162,0.000328110075525897,0.00553124286381989,1,ect,ectodermal,FBgn0000451,NM_001274748,44135,GO:0003674|GO:0005575|GO:0035295|GO:0042335
10,FBgn0001086,250.400828944308,1.62030894317835,0.308782525285219,5.24741139959813,1.54251190011208e-07,8.04220922114887e-06,1,fzy,fizzy,FBgn0001086,NM_058153,34968,GO:0000278|GO:0000776|GO:0005680|GO:0005680|GO:0005680|GO:0005813|GO:0005819|GO:0007144|GO:0007147|GO:0010997|GO:0030163|GO:0030718|GO:0031145|GO:0031145|GO:0031145|GO:0031145|GO:0060547|GO:0097150|GO:1904668|GO:1905786|GO:1990757
11,FBgn0001233,40444.7762335756,1.87021132664936,0.378243348733982,4.94446586545181,7.63529179666164e-07,3.36943081675205e-05,1,Hsp83,Heat shock protein 83,FBgn0001233,NM_001274433,38389,GO:0002052|GO:0005158|GO:0005515|GO:0005524|GO:0005705|GO:0005737|GO:0005737|GO:0005813|GO:0005829|GO:0005886|GO:0005886|GO:0006457|GO:0006457|GO:0006457|GO:0007098|GO:0008285|GO:0009408|GO:0009631|GO:0010529|GO:0016887|GO:0019094|GO:0030911|GO:0032991|GO:0034605|GO:0034605|GO:0034663|GO:0043248|GO:0045187|GO:0045187|GO:0046628|GO:0048471|GO:0048471|GO:0048477|GO:0050821|GO:0051082|GO:0051082|GO:0070922|GO:0070922|GO:0097718|GO:0101031
12,FBgn0001281,71.2837205898489,1.49558907432335,0.214495300615965,6.97259599640866,3.1114520267796e-12,4.6780319425884e-10,1,janB,janus B,FBgn0001281,NM_057236,43568,GO:0005829|GO:0007548|GO:0035971|GO:0101006
13,FBgn0001285,43.8837575095566,1.17968036668028,0.399435961325363,2.95336544753256,0.00314329604391764,0.0320274372323523,1,Jon44E,Jonah 44E,FBgn0001285,NM_001299274,35853,GO:0004252|GO:0004252|GO:0006508|GO:0006508
14,FBgn0001311,66.2486496907967,1.2884607399542,0.374080950804293,3.44433667949128,0.000572462369727145,0.00862696787945452,1,kkv,krotzkopf verkehrt,FBgn0001311,NM_079509,45884,GO:0001838|GO:0004100|GO:0004100|GO:0005737|GO:0006031|GO:0006035|GO:0006035|GO:0006038|GO:0007424|GO:0007443|GO:0008362|GO:0009611|GO:0016021|GO:0030428|GO:0035002|GO:0035149|GO:0035149|GO:0035158|GO:0035159|GO:0045177|GO:0060439|GO:0071944
15,FBgn0002526,1545.61160043725,-1.10818109598419,0.375410263941794,-2.95192007897794,0.00315804657811065,0.032127098548364,-1,LanA,Laminin A,FBgn0002526,NM_057269,38723,GO:0005102|GO:0005604|GO:0005604|GO:0007411|GO:0007411|GO:0007498|GO:0007507|GO:0009887|GO:0009888|GO:0030155|GO:0030334|GO:0033627|GO:0034446|GO:0035001|GO:0035011|GO:0036062|GO:0045886|GO:0045995|GO:0062023|GO:0071711
16,FBgn0002868,18279.2112436785,1.11385166560536,0.163362953391493,6.8182635198573,9.21475026654874e-12,1.32385245496083e-09,1,MtnA,Metallothionein A,FBgn0002868,NM_001275509,41202,GO:0005575|GO:0010038|GO:0010038|GO:0046872|GO:0055065
17,FBgn0002869,57.8244980119639,1.63451832182978,0.472991324003091,3.45570465858925,0.000548856347098867,0.00835890761836083,1,MtnB,Metallothionein B,FBgn0002869,NM_001300496,42424,GO:0005507|GO:0005575|GO:0010038|GO:0010038|GO:0046872|GO:0055065
18,FBgn0002948,11501.267030611,1.48069850633146,0.178038688462271,8.31672328705816,9.04285449720372e-17,3.54315480754073e-14,1,nod,no distributive disjunction,FBgn0002948,NM_001298200,32107,GO:0003777|GO:0003777|GO:0005524|GO:0005871|GO:0005871|GO:0005874|GO:0007018|GO:0007057|GO:0007143|GO:0008017|GO:0016887|GO:0031116|GO:0032837|GO:0045132|GO:0051010|GO:0051296
19,FBgn0002962,28.8582641010361,1.21455688990089,0.425397936887129,2.85510761709018,0.00430222481095645,0.040397797244493,1,nos,nanos,FBgn0002962,NM_001275794,42297,GO:0003729|GO:0005515|GO:0006378|GO:0007280|GO:0007281|GO:0007283|GO:0007314|GO:0008270|GO:0008354|GO:0008595|GO:0017148|GO:0017148|GO:0017148|GO:0030718|GO:0031594|GO:0035282|GO:0043066|GO:0045495|GO:0045886|GO:0045892|GO:0048471|GO:0048477|GO:0048477|GO:0048813|GO:0071598|GO:0098975|GO:1990124
20,FBgn0003046,52.2965332647324,1.15643925735745,0.412706848773132,2.80208399932115,0.00507736516246518,0.0454327553983909,1,Pcp,Pupal cuticle protein,FBgn0003046,NM_057325,33985,GO:0008010|GO:0008010|GO:0008011|GO:0008011|GO:0040003|GO:0062129|GO:0062129
21,FBgn0031886,158.403850927795,1.94414591377032,0.213954327874968,9.08673329060418,1.02059355375948e-19,6.28394030957625e-17,1,Nuf2,Nuf2,FBgn0031886,NM_135252,33992,GO:0000776|GO:0005515|GO:0007059|GO:0007080|GO:0031262
22,FBgn0031940,206.322279033454,4.00124740051939,0.895826742840042,4.46654158574707,7.94942154368691e-06,0.000255052160198193,1,CG7214,uncharacterized protein,FBgn0031940,NM_135297,34053,NA
23,FBgn0031979,344.336627149985,1.38896661268537,0.178481273120172,7.78214200517371,7.13067612485253e-15,1.80783612341849e-12,1,CCDC53,Coiled-coil domain containing 53,FBgn0031979,NM_135334,34097,GO:0005635|GO:0005654|GO:0006887|GO:0030041|GO:0045785|GO:0071203|GO:0071203|GO:0071203|GO:0140591
24,FBgn0032057,226.587345467541,1.81900431275119,0.304935952539439,5.96520120898477,2.44332767579862e-09,1.93817342626234e-07,1,CG9287,uncharacterized protein,FBgn0032057,NM_135400,34194,NA
25,FBgn0032109,104.446491431804,1.58891732604932,0.440099529893375,3.61035906226547,0.000305773416979075,0.00526451435624427,1,CG17005,uncharacterized protein,FBgn0032109,NM_001273356,34249,NA
26,FBgn0032299,27.9278050600696,1.55302839906682,0.542528036489287,2.86257722110826,0.00420210850182829,0.0397172974624559,1,CG17127,uncharacterized protein,FBgn0032299,NM_001144341,34489,NA
27,FBgn0032414,1164.05493559847,1.34741625628131,0.130250569706917,10.3448012497235,4.41832112863997e-25,4.98227190615005e-22,1,CG17211,uncharacterized protein,FBgn0032414,NM_135708,34639,GO:0005178|GO:0005615|GO:0030513|GO:0031012|GO:0036122|GO:0060562|GO:0070700
28,FBgn0032483,403.519989603785,1.59186012743414,0.152197068588755,10.4592035982995,1.3296856485502e-25,1.71928354357541e-22,1,CG15482,uncharacterized protein,FBgn0032483,NM_135770,34717,NA
29,FBgn0032538,425.232459892781,1.43226962273236,0.233499910207511,6.13391937264348,8.57399848321499e-10,7.64564140606688e-08,1,Vajk2,Vajk2,FBgn0032538,NM_135845,34811,GO:0005214|GO:0008061|GO:0040003|GO:0062129
30,FBgn0032582,15.6942544690702,1.36151793308164,0.476328684318446,2.85835805800729,0.00425839577670968,0.0401905528415009,1,CG13258,uncharacterized protein,FBgn0032582,NM_001259112,34959,NA
31,FBgn0032602,66.1521743112484,1.36662652970046,0.342688609691029,3.98795434412782,6.66454850984152e-05,0.0015279485284548,1,ppk17,pickpocket 17,FBgn0032602,NM_001299059,35006,GO:0005272|GO:0005887|GO:0006814|GO:0015280|GO:0016021|GO:0035725
32,FBgn0032789,29.4930515709507,2.08381870482909,0.383077386534839,5.43968080099548,5.33761166920684e-08,3.28644375632592e-06,1,CG13083,uncharacterized protein,FBgn0032789,NM_206005,35230,GO:0042600
33,FBgn0032805,1085.19970459628,1.1213907696281,0.173849467830674,6.45035491693485,1.11588513000458e-10,1.20236622757993e-08,1,CG10337,uncharacterized protein,FBgn0032805,NM_136142,35247,GO:0016491|GO:0020037|GO:0140571|GO:0140575
34,FBgn0032856,133.160759379216,1.22715514635252,0.393611660591882,3.11767985863838,0.00182280687097905,0.0215147395720532,1,CG16798,uncharacterized protein,FBgn0032856,NM_136186,35308,NA
35,FBgn0033190,592.304319428926,1.82306027698907,0.228982775480152,7.96156074694401,1.69882624046878e-15,5.2299579260146e-13,1,Gpo2,Glycerophosphate oxidase 2,FBgn0033190,NM_136451,35689,GO:0004368|GO:0005509|GO:0005739|GO:0006072|GO:0009331|GO:0016614
36,FBgn0033207,9.44597848821734,2.0986946435574,0.607981814386111,3.45190364892161,0.000556646462489938,0.00844769807511138,1,CG12826,uncharacterized protein,FBgn0033207,NM_136468,35710,GO:0003674|GO:0005575|GO:0008150
37,FBgn0033308,298.799522945618,3.65187451066023,0.880204169133446,4.14889481182016,3.34084267687978e-05,0.000867411562491075,1,CG8736,uncharacterized protein,FBgn0033308,NM_136550,35841,GO:0042302
38,FBgn0033340,628.752610809347,1.28359007349754,0.14111651052099,9.09595956389959,9.37548748746702e-20,6.24672462743751e-17,1,CG13751,uncharacterized protein,FBgn0033340,NM_136572,35879,NA
39,FBgn0033357,1837.55716904794,1.18304430588832,0.168221925770383,7.03264036760065,2.02661251882331e-12,3.19562193516895e-10,1,Tom7,Translocase of outer membrane 7,FBgn0033357,NM_001299291,35899,GO:0005742|GO:0005742|GO:0008320|GO:0030150|GO:0045040|GO:1903955
40,FBgn0033367,1983.5912173536,-1.54976561878311,0.55053276188416,-2.81502887036032,0.00487728521080496,0.0441619732322886,-1,PPO2,Prophenoloxidase 2,FBgn0033367,NM_136599,35910,GO:0004097|GO:0004503|GO:0005576|GO:0005576|GO:0005615|GO:0005829|GO:0035006|GO:0035006|GO:0035006|GO:0035011|GO:0042381|GO:0042417|GO:0050830|GO:0050832|GO:0050832
41,FBgn0033442,158.973064098107,1.03507189262124,0.175596663128098,5.89459887324938,3.75592649289235e-09,2.87361713331942e-07,1,CG1690,uncharacterized protein,FBgn0033442,NM_001273904,36004,GO:0003674|GO:0005575|GO:0008150
42,FBgn0033498,33.1946568609551,1.87749760766971,0.41632049553473,4.50974099955904,6.49068207240782e-06,0.00021409316121488,1,CG12209,uncharacterized protein,FBgn0033498,NM_136721,36077,GO:0003674|GO:0005575
43,FBgn0033501,15.9679231124241,1.47893429358073,0.423914362175049,3.48875722443682,0.000485271672676413,0.00758713751838697,1,CG12911,uncharacterized protein,FBgn0033501,NM_001144163,36081,NA
44,FBgn0033724,77.1425764768216,-1.23598081408031,0.275747416602222,-4.48229335857485,7.38451353863554e-06,0.000240508211724326,-1,CG8501,uncharacterized protein,FBgn0033724,NM_001299414,36347,NA
45,FBgn0033730,613.593794987617,1.23648270726951,0.256014404401361,4.82973881942611,1.36712254892013e-06,5.57630743139978e-05,1,Cpr49Ag,Cuticular protein 49Ag,FBgn0033730,NM_136932,36353,GO:0008010|GO:0008010|GO:0040003|GO:0062129|GO:0062129
46,FBgn0033731,16.5175453092508,2.19203822261641,0.654887295168521,3.34719918799515,0.000816325308973821,0.0114109040486827,1,Cpr49Ah,Cuticular protein 49Ah,FBgn0033731,NM_136933,36354,GO:0008010|GO:0008010|GO:0040003|GO:0062129|GO:0062129
47,FBgn0033798,59.6817595708953,1.2881796041842,0.260094181825168,4.95274286854329,7.31746400092362e-07,3.24023320314871e-05,1,CG15870,uncharacterized protein,FBgn0033798,NM_136997,36446,GO:0003674|GO:0005575|GO:0008150
48,FBgn0033830,431.837793632574,2.89835667454217,1.00414875707444,2.88638177772231,0.00389699122662098,0.0376030571344845,1,CG10814,uncharacterized protein,FBgn0033830,NM_137024,36481,GO:0005739|GO:0008336|GO:0045329
49,FBgn0033834,187.843904496335,4.59507777341747,1.12767944899916,4.07480847282948,4.60522326672895e-05,0.00113821000525874,1,CG4744,uncharacterized protein,FBgn0033834,NM_137027,36485,GO:0003674|GO:0005575|GO:0006357
50,FBgn0033836,5719.96995344628,1.57123366270366,0.329001705511909,4.77576145162806,1.79028519304991e-06,7.15366870160343e-05,1,CG18278,uncharacterized protein,FBgn0033836,NM_165983,36487,GO:0005539|GO:0008449|GO:0030203
51,FBgn0033936,3144.32323838955,-2.17331068175812,0.195829167109862,-11.0979927751971,1.28292749068957e-28,2.07353155682702e-25,-1,Achl,Achilles,FBgn0033936,NM_001299490,36605,GO:0003723|GO:0003729|GO:0005634|GO:0005844|GO:0010629
52,FBgn0034010,995.713859456289,2.28613397275733,0.251733387310814,9.08156838939542,1.07021403903481e-19,6.28993978396369e-17,1,CG8157,uncharacterized protein,FBgn0034010,NM_001299520,36700,NA
53,FBgn0034098,50.1030422735118,-1.47444479520009,0.309246281505459,-4.76786588353547,1.86187656152387e-06,7.33965364039744e-05,-1,krimp,krimper,FBgn0034098,NM_137259,36804,GO:0007310|GO:0007319|GO:0030717|GO:0030719|GO:0034587|GO:0043186|GO:0043186|GO:0046872|GO:0048471
54,FBgn0034245,1863.70348410523,1.37901420995015,0.216721926997266,6.36305808580021,1.97775852888521e-10,2.02955696654648e-08,1,UQCR-6.4,Ubiquinol-cytochrome c reductase 6.4 kDa subunit,FBgn0034245,NM_001274128,36991,GO:0005739|GO:0005743|GO:0005750|GO:0006122
55,FBgn0034301,29.0765599238861,1.48273075575583,0.389875050070545,3.80309218424606,0.000142901149533928,0.00284263363611336,1,CG5756,uncharacterized protein,FBgn0034301,NM_137448,37064,GO:0005576|GO:0008061
56,FBgn0034330,1281.19717425447,1.23213305445339,0.347373406642618,3.54699879407011,0.000389646374860755,0.00638604703646697,1,BomS4,Bomanin Short 4,FBgn0034330,NM_145336,37101,GO:0006952
57,FBgn0034335,3124.69831305713,1.19911150947463,0.387147845382472,3.09729609444165,0.00195294699306865,0.0226490064376732,1,GstE1,Glutathione S transferase E1,FBgn0034335,NM_137479,37106,GO:0004364|GO:0004364|GO:0005737|GO:0006749|GO:0006749|GO:0009408
58,FBgn0034407,3400.64764967359,4.31917872585535,1.30830555627398,3.30135319317627,0.000962196742668261,0.0129866428838211,1,DptB,Diptericin B,FBgn0034407,NM_079063,37184,GO:0005615|GO:0006959|GO:0009611|GO:0050830
59,FBgn0034440,45.4114947261,-1.75511863928119,0.367539936797708,-4.77531409123357,1.79426983766029e-06,7.15366870160343e-05,-1,CG10073,uncharacterized protein,FBgn0034440,NM_001274161,37225,GO:0008235
60,FBgn0034442,414.003332451952,1.09919325606566,0.164013688968596,6.70183850493193,2.05813428814349e-11,2.6880481157268e-09,1,CG11257,uncharacterized protein,FBgn0034442,NM_137575,37227,GO:0004128|GO:0004128|GO:0005783|GO:0006091|GO:0006801|GO:0020037
61,FBgn0034474,4678.9547432595,1.03401531612844,0.225099570793719,4.59359079398695,4.35683328577989e-06,0.000155548798266224,1,Obp56g,Odorant-binding protein 56g,FBgn0034474,NM_137603,37270,GO:0005549|GO:0005576|GO:0005615|GO:0007606|GO:0007608|GO:0019953
62,FBgn0034475,557.840255636582,1.61650308533665,0.310697508107555,5.20281960155619,1.96287388605701e-07,9.76152282566044e-06,1,Obp56h,Odorant-binding protein 56h,FBgn0034475,NM_001202050,37271,GO:0005549|GO:0005549|GO:0005576|GO:0005576|GO:0007606|GO:0007608|GO:0007608|GO:0007617|GO:0019236|GO:0042048|GO:0071834
63,FBgn0034614,485.341024798135,1.75007585501777,0.190111623154136,9.20551740068451,3.40029096329684e-20,2.52680342512318e-17,1,CG9752,uncharacterized protein,FBgn0034614,NM_137729,37431,GO:0003674|GO:0005575|GO:0006400|GO:0101030
64,FBgn0034646,1035.77880732717,1.07708432491292,0.127844549280743,8.42495304627861,3.60894942406887e-17,1.45824112666283e-14,1,Rae1,Rae1,FBgn0034646,NM_137753,37467,GO:0000278|GO:0000972|GO:0003723|GO:0005515|GO:0005634|GO:0005635|GO:0005643|GO:0005643|GO:0005737|GO:0006405|GO:0007141|GO:0007283|GO:0010506|GO:0010628|GO:0016006|GO:0035329|GO:0035330|GO:0035332|GO:0036126|GO:0042127|GO:0043130|GO:0045886|GO:0048638|GO:0071944|GO:1900087|GO:2000045
65,FBgn0034670,14.2344313910187,-1.75291196079884,0.576215197520592,-3.04211337767813,0.0023492339034908,0.025829587051136,-1,CG13488,uncharacterized protein,FBgn0034670,NM_001259523,37496,NA
66,FBgn0034687,78.2822977154183,1.30816726038268,0.212740398484269,6.14912480047558,7.79116581758054e-10,7.0447394420501e-08,1,CG11475,uncharacterized protein,FBgn0034687,NM_137789,37513,GO:0005575|GO:0006479|GO:0016791|GO:0019899|GO:2001020|GO:2001020
67,FBgn0034709,3675.19759547699,1.09373109014459,0.258512412693777,4.23086488864338,2.32794477721933e-05,0.000648713921755301,1,Swim,Secreted Wg-interacting molecule,FBgn0034709,NM_137808,37537,GO:0005615|GO:0005615|GO:0005764|GO:0017147|GO:0035593|GO:0042600|GO:0090263
68,FBgn0034785,50.9032638050498,1.06889252955946,0.35165517021561,3.03960419209562,0.00236889247095027,0.0259794568697091,1,CG3649,uncharacterized protein,FBgn0034785,NM_137881,37626,GO:0005886|GO:0006820|GO:0016021|GO:0022857|GO:0055085
69,FBgn0034800,118.930253000415,1.09564970244777,0.18170179579189,6.02993326330501,1.64027400077291e-09,1.35087533949004e-07,1,CG3788,uncharacterized protein,FBgn0034800,NM_001202062,37644,GO:0004850|GO:0005829|GO:0006218|GO:0009166
70,FBgn0034924,32.5183235851007,1.6859156771627,0.329239207328341,5.12064067594897,3.04499365617394e-07,1.46909581993765e-05,1,CG17658,uncharacterized protein,FBgn0034924,NM_138001,37793,NA
71,FBgn0034928,636.399060180415,1.34763236976924,0.121082397333401,11.1298784914088,8.97577745606333e-29,1.65795432152713e-25,1,CG13562,uncharacterized protein,FBgn0034928,NM_001259555,37797,GO:0004806
72,FBgn0034957,21.5528374184803,1.8859126852597,0.385978589217142,4.88605518011967,1.02876376699988e-06,4.33287150075194e-05,1,Rsph4a,Radial spoke head protein 4a,FBgn0034957,NM_138025,37831,GO:0001534|GO:0003341|GO:0005930|GO:0035082|GO:0035082|GO:0060294
73,FBgn0035031,380.448713206966,2.22680208823976,0.174436259491754,12.7657064805671,2.54828038591357e-37,1.09830884632875e-33,1,CG13587,uncharacterized protein,FBgn0035031,NM_138095,37930,NA
74,FBgn0035076,1371.24075742227,-1.46164521779869,0.259539620611974,-5.63168434303885,1.78458088012894e-08,1.18941395773542e-06,-1,Ance-5,Ance-5,FBgn0035076,NM_133164,37980,GO:0005615|GO:0005886|GO:0008237|GO:0008241
75,FBgn0035099,331.421092636807,-1.21920442140431,0.134086307015171,-9.092684022287,9.6623737470031e-20,6.24672462743751e-17,-1,CG6845,uncharacterized protein,FBgn0035099,NM_001144386,38019,GO:0016021
76,FBgn0035138,33.2920201547459,1.2541487817286,0.277584183546802,4.51808444452365,6.24015986497914e-06,0.000206356181724246,1,CG13884,uncharacterized protein,FBgn0035138,NM_138191,38064,GO:0003674|GO:0005575|GO:0008150
77,FBgn0035143,34.2058768660751,2.23798775209083,0.632576485927106,3.53789273215054,0.000403333877111465,0.00655164199880809,1,Ppm1,Ppm1,FBgn0035143,NM_138195,38071,GO:0004721|GO:0004722|GO:0005575|GO:0006470|GO:0006470|GO:0043169
78,FBgn0035281,110.268003803339,1.48517266054179,0.451348396774422,3.29052384179413,0.00100001027113477,0.0133300338203841,1,Cpr62Bc,Cuticular protein 62Bc,FBgn0035281,NM_001274364,38241,GO:0008010|GO:0031012|GO:0040003|GO:0062129
79,FBgn0035439,268.849509804622,1.48722315455636,0.339790348951676,4.37688462649028,1.20387657002188e-05,0.000364546230688125,1,CG14961,uncharacterized protein,FBgn0035439,NM_139551,38414,GO:0003674|GO:0005575|GO:0008150
80,FBgn0035510,9.72120186016241,2.15929940096576,0.736158683578655,2.93319830239434,0.00335489536322827,0.0335489536322827,1,Cpr64Aa,Cuticular protein 64Aa,FBgn0035510,NM_139615,38508,GO:0008010|GO:0031012|GO:0040003|GO:0062129
81,FBgn0035694,6.55409459481473,2.14441693587916,0.694069374157082,3.08962910009316,0.00200406588645457,0.023094983878661,1,CG13299,uncharacterized protein,FBgn0035694,NM_139782,38724,GO:0003674|GO:0007304|GO:0042600
82,FBgn0035790,20.6848978189617,2.23147568230815,0.730846911333303,3.05327373996451,0.00226359348540495,0.0250799175375202,1,Cyp316a1,Cyp316a1,FBgn0035790,NM_139872,38840,GO:0004497|GO:0005506|GO:0016705|GO:0020037
83,FBgn0035795,64.3674725908561,1.09019560602103,0.349697498005842,3.11753905085937,0.00182367784771619,0.0215147395720532,1,CG16998,uncharacterized protein,FBgn0035795,NM_139877,38847,GO:0004252|GO:0004252|GO:0006508|GO:0006508
84,FBgn0035880,15069.1677526217,-1.00465878306786,0.113936095102715,-8.81773929642,1.16793798732925e-18,5.71385386809376e-16,-1,Culd,CUB and LDLa domain,FBgn0035880,NM_001104080,38946,GO:0005041|GO:0005769|GO:0005769|GO:0005886|GO:0006897|GO:0006898|GO:0045494|GO:0046154|GO:0071813
85,FBgn0035918,50.7816947439432,1.83884987139671,0.389710561753614,4.71850150307008,2.37588213474387e-06,9.17019582156366e-05,1,Cdc6,Cdc6,FBgn0035918,NM_139990,38989,GO:0003688|GO:0005634|GO:0005634|GO:0006270|GO:0033314|GO:0051301
86,FBgn0035952,60.4047234981159,1.03327811781758,0.286169468487755,3.61072102931831,0.00030534695744885,0.00526418154641817,1,CG5280,uncharacterized protein,FBgn0035952,NM_140021,39033,GO:0003674|GO:0005575|GO:0008150
87,FBgn0035977,623.177814406224,1.0185194925121,0.244471370469328,4.16621173496422,3.09703073174139e-05,0.00081723688492686,1,PGRP-LF,Peptidoglycan recognition protein LF,FBgn0035977,NM_140042,39064,GO:0005102|GO:0005887|GO:0008270|GO:0008340|GO:0009617|GO:0019731|GO:0050777|GO:0061060|GO:0098542
88,FBgn0036118,330.174104115115,1.01238069702251,0.125847349883917,8.044513435971,8.65887606819557e-16,2.87075045030176e-13,1,Blos2,Biogenesis of lysosome-related organelles complex 1, subunit 2,FBgn0036118,NM_140170,39234,GO:0000930|GO:0005515|GO:0016197|GO:0031083|GO:0031083|GO:0032418|GO:0042803|GO:0043015|GO:0061909|GO:0099078
89,FBgn0036168,92.235964378605,1.61428830508594,0.347974639706415,4.63909756885706,3.49933828959535e-06,0.000128541034330875,1,CG7512,uncharacterized protein,FBgn0036168,NM_001104115,39289,GO:0000977|GO:0000981|GO:0005634|GO:0045664|GO:0045944
90,FBgn0036181,59.796431622061,2.53435546865596,0.690625591326404,3.66965183521293,0.000242881041979943,0.00436780510820677,1,Muc68Ca,Mucin 68Ca,FBgn0036181,NM_206332,2768980,GO:0005201|GO:0031012
91,FBgn0036417,149.873964205096,1.63791009362614,0.25668936182691,6.3809036804985,1.76046013321589e-10,1.83570560665173e-08,1,CG7906,uncharacterized protein,FBgn0036417,NM_001274906,39575,NA
92,FBgn0036575,56.1815539506317,1.0257294339804,0.339718208447237,3.01935371279844,0.0025331459356192,0.0271363520692264,1,CG5157,uncharacterized protein,FBgn0036575,NM_140586,39771,GO:0016020|GO:0020037|GO:0043231
93,FBgn0036587,690.112480289666,-1.5766712347022,0.40721855718184,-3.87180595504676,0.000108031942809743,0.00227130572443898,-1,CG4950,uncharacterized protein,FBgn0036587,NM_001275005,39783,GO:0005886|GO:0007165
94,FBgn0036599,6.45532445855834,4.20402696629207,1.50288473650639,2.79730498565363,0.0051530864997929,0.0458880223431971,1,CG13044,uncharacterized protein,FBgn0036599,NM_140610,39795,NA
95,FBgn0036617,42.3180881091961,-1.41067190003192,0.351072115378269,-4.01818269876537,5.86487171766662e-05,0.00137627570434536,-1,Cpr72Ea,Cuticular protein 72Ea,FBgn0036617,NM_140625,39814,GO:0008010|GO:0031012|GO:0040003|GO:0062129
96,FBgn0036618,31.0125428814199,-1.75009959041086,0.57559325200798,-3.04051443324876,0.00236174371615188,0.0259230443547061,-1,Cpr72Eb,Cuticular protein 72Eb,FBgn0036618,NM_140626,39815,GO:0008010|GO:0031012|GO:0040003|GO:0062129
97,FBgn0036619,11203.4372968896,-1.12879681393394,0.218518273855759,-5.16568611867696,2.39558514454884e-07,1.1822486991991e-05,-1,Cpr72Ec,Cuticular protein 72Ec,FBgn0036619,NM_140627,39816,GO:0005212|GO:0005615|GO:0008010|GO:0031012|GO:0040003|GO:0062129
98,FBgn0036629,502.795643742392,1.22767946281663,0.109077605661913,11.2551009473185,2.1857569589449e-29,4.71030624652625e-26,1,GluRS-m,Glutamyl-tRNA synthetase, mitochondrial,FBgn0036629,NM_140637,39828,GO:0000049|GO:0004818|GO:0004818|GO:0005524|GO:0005739|GO:0005739|GO:0006424|GO:0006424|GO:0008270
99,FBgn0036656,122.424235798649,1.47683203566012,0.503132603806465,2.93527397049426,0.00333253304058246,0.033440719901549,1,CG13026,uncharacterized protein,FBgn0036656,NM_001300158,39868,NA
100,FBgn0036667,514.906530040993,1.2312844969908,0.155852577040694,7.90031528749961,2.78198822666708e-15,7.99357950462342e-13,1,kud,kuduk,FBgn0036667,NM_001259878,39882,GO:0003674|GO:0005640|GO:0005737|GO:0005789|GO:0006487|GO:0006998|GO:0007097|GO:0031309|GO:0032991|GO:0034998|GO:0043227
101,FBgn0036677,42.079537273609,1.65268552425357,0.484117691097918,3.41380939933323,0.000640613748091629,0.00940197021887033,1,CG13023,uncharacterized protein,FBgn0036677,NM_001300161,39894,NA
102,FBgn0036690,11.0784960668869,1.68339574064012,0.602392214251731,2.79451775905034,0.00519771858431982,0.046190035254471,1,Ilp8,Insulin-like peptide 8,FBgn0036690,NM_140692,39909,GO:0001664|GO:0005158|GO:0005615|GO:0005615|GO:0007189|GO:0007304|GO:0008286|GO:0009855|GO:0035073|GO:0042600|GO:0043950|GO:0048018|GO:0048638|GO:0048640|GO:0071480|GO:0106024
103,FBgn0036717,10.1853258832212,3.09220987572393,1.02424546016287,3.01901252775114,0.00253600044596459,0.0271444418595382,1,CG13731,uncharacterized protein,FBgn0036717,NM_168725,39938,NA
104,FBgn0036751,20.7522650795913,1.96787070669781,0.545383455672466,3.60823322788807,0.000308289293432006,0.00529373248881254,1,Adgf-B,Adenosine deaminase-related growth factor B,FBgn0036751,NM_140749,39975,GO:0004000|GO:0004000|GO:0005615|GO:0006154|GO:0006154|GO:0046103
105,FBgn0036833,11.8172776923751,2.38608826048102,0.699642030758804,3.41044156237035,0.000648577812670063,0.00949729458417205,1,CG3819,uncharacterized protein,FBgn0036833,NM_001275098,40069,GO:0000014|GO:0003676|GO:0004519|GO:0004521|GO:0005634|GO:0005743|GO:0006309|GO:0046872
106,FBgn0036978,10.2013903986208,3.2064764681829,1.04808524732104,3.05936609295744,0.00221805920366,0.0247493129887956,1,Toll-9,Toll-9,FBgn0036978,NM_001259916,40245,GO:0002224|GO:0004888|GO:0005887|GO:0007165|GO:0038023
107,FBgn0036979,72.1003301907513,1.03155326774924,0.295811897225612,3.48719330569212,0.000488118411386101,0.00762242881548585,1,CG13247,uncharacterized protein,FBgn0036979,NM_001369968,40247,GO:0003674|GO:0005575|GO:0008150
108,FBgn0037042,53.747788768945,1.17137952598906,0.256921045310218,4.55929768063447,5.13249760395262e-06,0.000176964676030245,1,CG12984,uncharacterized protein,FBgn0037042,NM_001300208,40321,GO:0003674|GO:0005575|GO:0008150
109,FBgn0037065,66.0787936181994,-1.24666431498897,0.275351380883118,-4.52753972393609,5.96743857506339e-06,0.000199276602938293,-1,CG12974,uncharacterized protein,FBgn0037065,NM_001275213,40350,NA
110,FBgn0037115,102.72320123581,1.03219828340376,0.17432940308598,5.92096493839694,3.20058096813337e-09,2.46330428083122e-07,1,CG11249,uncharacterized protein,FBgn0037115,NM_141089,40409,GO:0000287|GO:0004743|GO:0005737|GO:0006096|GO:0030955
111,FBgn0037122,59.4169757195654,1.29136579523057,0.26028315209641,4.96138833739126,6.99911019398466e-07,3.13143580651286e-05,1,CG14570,uncharacterized protein,FBgn0037122,NM_141096,40416,GO:0003674|GO:0005575|GO:0008150
112,FBgn0037222,207.74290788307,1.09512685610115,0.214323266731328,5.10969654766408,3.2267665371844e-07,1.54526264169608e-05,1,CG14642,uncharacterized protein,FBgn0037222,NM_001259972,40532,GO:0004252|GO:0004252|GO:0006508|GO:0006508
113,FBgn0037396,232.40354852677,1.12644268313015,0.324443869703415,3.47191852988276,0.000516753133436573,0.00801156859632645,1,CG11459,uncharacterized protein,FBgn0037396,NM_001300262,40741,GO:0004197|GO:0005615|GO:0005764|GO:0006955|GO:0051603
114,FBgn0037419,31.965121054419,2.02986290990634,0.331411717000446,6.12489784090408,9.07418086160738e-10,7.92764584733672e-08,1,Osi12,Osiris 12,FBgn0037419,NM_141374,40766,GO:0003674|GO:0005887|GO:0008150
115,FBgn0037488,14.0239365155605,-1.86201604201884,0.456175567195409,-4.08179695696246,4.46888308799091e-05,0.00111765296571997,-1,CG14607,uncharacterized protein,FBgn0037488,NM_141452,40869,GO:0005576|GO:0008061
116,FBgn0037797,36.7537529383176,1.02235157146717,0.338813741641273,3.01744423503816,0.0025491593818124,0.0272627219245941,1,CG12420,uncharacterized protein,FBgn0037797,NM_141728,41249,NA
117,FBgn0037915,21.5298186468247,1.56413660282216,0.385802189714558,4.05424501084198,5.0296479385174e-05,0.00121143740092451,1,CG6790,uncharacterized protein,FBgn0037915,NM_141830,41388,GO:0005789|GO:0006506|GO:0016021|GO:0051377
118,FBgn0037970,102.97948788028,1.2856651737654,0.180617887972171,7.11814974806644,1.09385492742542e-12,1.79032205210262e-10,1,GC2,Glutamate Carrier 2,FBgn0037970,NM_141878,41449,GO:0005313|GO:0005314|GO:0005743|GO:0006810|GO:0015183|GO:0015810|GO:0015813|GO:0015813|GO:0022857|GO:0043490
119,FBgn0037995,12.3986619919142,-1.86881369364904,0.562317734489187,-3.3234123326142,0.000889233680584814,0.0121927799469371,-1,CG3809,uncharacterized protein,FBgn0037995,NM_169457,41476,GO:0004001|GO:0004001|GO:0005634|GO:0005829|GO:0006144|GO:0006166|GO:0006167
120,FBgn0038002,346.661876510947,-1.42043668846382,0.41739450030496,-3.40310350861358,0.000666250349086755,0.00964682756292469,-1,CG12256,uncharacterized protein,FBgn0038002,NM_141909,14462452,GO:0004252|GO:0004252|GO:0005615|GO:0006508|GO:0006508
121,FBgn0038009,25.754559586018,1.74438264982445,0.632806146871766,2.75658297323389,0.00584087916069718,0.0498169970632022,1,CG17738,uncharacterized protein,FBgn0038009,NM_141915,41490,GO:0045087
122,FBgn0038045,131.697006183864,1.06816842020796,0.163155202014315,6.54694675389048,5.87252890973799e-11,6.70892553298333e-09,1,NANS,N-acetylneuraminic acid synthase,FBgn0038045,NM_141938,41528,GO:0016051|GO:0047444|GO:0047444|GO:0070085|GO:0070085
123,FBgn0038142,136.921514390146,1.49226477169986,0.365171507864396,4.08647646259959,4.37973895263512e-05,0.00110175145248195,1,CheA87a,Chemosensory protein A 87a,FBgn0038142,NM_142023,41642,GO:0003674|GO:0005576|GO:0007606
124,FBgn0038148,358.888676855679,1.26571783692803,0.174279407989924,7.26257824447746,3.79780691357888e-13,7.01509191322498e-11,1,CG14377,uncharacterized protein,FBgn0038148,NM_001275607,41649,GO:0003674|GO:0005575|GO:0008150
125,FBgn0038242,46.1975143482761,2.13880807544159,0.485364115927654,4.40660527891269,1.05003283727349e-05,0.000323260109189195,1,CG14852,uncharacterized protein,FBgn0038242,NM_142116,41765,NA
126,FBgn0038315,67.3931865896226,1.00059550922554,0.213337465634392,4.69020059955296,2.72937333545966e-06,0.000103189465577466,1,CG14866,uncharacterized protein,FBgn0038315,NM_001144585,41854,GO:0009897|GO:0030246|GO:0030246|GO:0044419
127,FBgn0038448,40.2993025244415,1.3335185479405,0.275507361125729,4.84022837898674,1.29690003114677e-06,5.35748159831559e-05,1,CG12783,uncharacterized protein,FBgn0038448,NM_001275715,42019,GO:0016021|GO:0022857|GO:0055085
128,FBgn0038466,177.040746052858,1.88114517415771,0.53277150383782,3.53086672355199,0.000414200395025128,0.00669451388459362,1,CG8907,uncharacterized protein,FBgn0038466,NM_001260217,42050,GO:0042048|GO:0045202
129,FBgn0038469,8.79952513489737,4.19409262072773,1.43358144918515,2.92560469662304,0.00343787474097401,0.0340887426386456,1,CG4009,uncharacterized protein,FBgn0038469,NM_001275726,42054,GO:0004601|GO:0006979|GO:0020037|GO:0042600
130,FBgn0038525,336.808552443757,-1.08540839490422,0.244047234624313,-4.44753408730526,8.68616783652052e-06,0.000273932073478562,-1,CG14329,uncharacterized protein,FBgn0038525,NM_142379,42116,GO:0003674|GO:0005575|GO:0008150
131,FBgn0038676,60.1856886833605,-1.28895653643662,0.345990890396458,-3.72540599250938,0.000195001116130157,0.00368620530930252,-1,CG6026,uncharacterized protein,FBgn0038676,NM_142521,42287,GO:0003712|GO:0005634|GO:0006357|GO:0016514
132,FBgn0038745,6392.39787039794,-1.05322482854988,0.381413109282572,-2.76137553460334,0.00575584509122196,0.0495497150735482,-1,CG4538,uncharacterized protein,FBgn0038745,NM_001300484,42369,GO:0005739|GO:0006457|GO:0008270|GO:0009368|GO:0046983|GO:0051082|GO:0051603|GO:0062125|GO:0140662
133,FBgn0038852,8.3931605514732,2.34543800437026,0.762200961083589,3.07719108755235,0.00208961299246865,0.0237422636139013,1,HHEX,Hematopoietically expressed homeobox,FBgn0038852,NM_142681,42495,GO:0000978|GO:0000981|GO:0003700|GO:0005634|GO:0006357|GO:0006357|GO:0009744|GO:0030154
134,FBgn0038909,113.806731442997,1.02570635433434,0.368154706538311,2.78607426746996,0.00533506469290325,0.0470548338876118,1,CG6569,uncharacterized protein,FBgn0038909,NM_001104394,42573,GO:0003674|GO:0005575|GO:0008150
135,FBgn0038958,77.8664835803017,1.5183993883655,0.228858525567929,6.63466385880748,3.25242863446434e-11,3.89387983737259e-09,1,CG13857,uncharacterized protein,FBgn0038958,NM_142778,42627,NA
136,FBgn0038967,14.4993222974535,-1.35431739590825,0.443265211295063,-3.05532074568049,0.00224819948798115,0.0249768833701612,-1,CG13847,uncharacterized protein,FBgn0038967,NM_001275907,42636,GO:0003674|GO:0005575|GO:0008150
137,FBgn0038977,170.863928885924,1.00804638007598,0.196455933334259,5.13115772564041,2.87965477538372e-07,1.40505419795138e-05,1,CG5376,uncharacterized protein,FBgn0038977,NM_142797,42648,NA
138,FBgn0039028,43.1375634935351,1.8965006994885,0.575613142141422,3.29474878289445,0.000985097027939828,0.013199279348458,1,CG13840,uncharacterized protein,FBgn0039028,NM_142845,42705,NA
139,FBgn0039051,81.5868418466787,-1.83655801109844,0.427839406774345,-4.29263406319908,1.76565874709131e-05,0.000511882681611898,-1,CG17109,uncharacterized protein,FBgn0039051,NM_001275930,42730,GO:0004046|GO:0005737|GO:0006520
140,FBgn0039052,42.2983676370123,-1.90382447316035,0.418025457958749,-4.554326625122,5.25536470004311e-06,0.000179292521296985,-1,CG6733,uncharacterized protein,FBgn0039052,NM_142866,42731,GO:0004046|GO:0005737|GO:0006520
141,FBgn0039155,547.217929181059,1.14839331182671,0.255697762604582,4.4912137678835,7.08184275326671e-06,0.000231232895958936,1,Kal1,Kallmann syndrome 1,FBgn0039155,NM_142963,42865,GO:0005576|GO:0009897|GO:0009986|GO:0009986|GO:0030182|GO:0030414|GO:0031012
142,FBgn0039217,14.5672442187746,2.50933121491004,0.749754638448629,3.34686987746054,0.000817295647562007,0.0114121303703853,1,CG13627,uncharacterized protein,FBgn0039217,NM_001300580,42941,GO:0000077|GO:0005634|GO:0006281|GO:0031151|GO:2000677
143,FBgn0003137,16952.2592268408,-1.66244233969199,0.350742206068122,-4.7397841232974,2.1394603830681e-06,8.33029404410405e-05,-1,Ppn,Papilin,FBgn0003137,NM_001170289,43872,GO:0004222|GO:0004867|GO:0005201|GO:0005576|GO:0005604|GO:0030198|GO:0030198|GO:0031012
144,FBgn0003189,997.276641954239,-1.02539373257953,0.170426122151298,-6.01664650721339,1.7806734003336e-09,1.45722196622237e-07,-1,r,rudimentary,FBgn0003189,NM_001298414,32640,GO:0004070|GO:0004070|GO:0004070|GO:0004088|GO:0004088|GO:0004151|GO:0004151|GO:0004151|GO:0005524|GO:0005524|GO:0005737|GO:0005829|GO:0006207|GO:0006207|GO:0006228|GO:0006541|GO:0006541|GO:0006541|GO:0006807|GO:0016597|GO:0019240|GO:0046872|GO:0070406
145,FBgn0003257,1318.51994959863,1.03219868958566,0.14626558436183,7.05701682380879,1.70115034854592e-12,2.715540000827e-10,1,r-l,rudimentary-like,FBgn0003257,NM_079703,42493,GO:0004588|GO:0004588|GO:0004590|GO:0004590|GO:0006207|GO:0006207|GO:0006222|GO:0019856|GO:0044205
146,FBgn0003979,5.86882039450036,5.40306899236821,1.29022994750257,4.18767910543904,2.81821600313528e-05,0.000756809850225554,1,Vm26Aa,Vitelline membrane 26Aa,FBgn0003979,NM_001273186,33829,GO:0007305|GO:0048477|GO:0060388
147,FBgn0004191,9.60503227331565,-3.41786734316467,1.12001074313161,-3.05163799912145,0.00227596401814537,0.0251738364025831,-1,snRNA:U2:34ABa,small nuclear RNA U2 at 34AB a,FBgn0004191,NR_001645,3772392,GO:0000398|GO:0005686|GO:0015030
148,FBgn0004240,2821.02042809584,5.41736324672813,1.39242752956615,3.89058901213773,0.000100001184614613,0.0021422375927064,1,DptA,Diptericin A,FBgn0004240,NM_057460,37183,GO:0009617|GO:0009617|GO:0019731|GO:0042742|GO:0045089|GO:0050829|GO:0050829|GO:0055093
149,FBgn0004431,18.1028059605185,-1.44899531148159,0.408754579442568,-3.54490294263524,0.000392757679535767,0.00641206666211801,-1,LysX,Lysozyme X,FBgn0004431,NM_079157,38122,GO:0003796|GO:0003796|GO:0005615|GO:0050829
150,FBgn0004777,11.209041339296,1.75450551616729,0.541776171538357,3.23843241607586,0.00120188492865147,0.0153560989401814,1,Ccp84Ag,Ccp84Ag,FBgn0004777,NM_141420,40819,GO:0008010|GO:0031012|GO:0040003|GO:0062129
151,FBgn0004782,8.35575154723978,2.42071904651292,0.868730292928028,2.78650240036405,0.00532802234934369,0.0470247979365283,1,Ccp84Ab,Ccp84Ab,FBgn0004782,NM_141425,40824,GO:0008010|GO:0031012|GO:0040003|GO:0062129
152,FBgn0004783,5.17675427759862,4.47535502966167,1.18119412313209,3.78883956668757,0.000151352612295686,0.00296770555945368,1,Ccp84Aa,Ccp84Aa,FBgn0004783,NM_141426,40825,GO:0008010|GO:0031012|GO:0040003|GO:0062129
153,FBgn0039480,34.6671362000744,2.61798605225408,0.712589655391311,3.67390409395774,0.000238872422427515,0.00433186594949197,1,Cpr97Ea,Cuticular protein 97Ea,FBgn0039480,NM_001276077,43258,GO:0008010|GO:0008010|GO:0040003|GO:0062129|GO:0062129
154,FBgn0039504,110.949795169858,1.35166468887926,0.219716141009867,6.1518679632124,7.65756187230442e-10,6.9726954231617e-08,1,CG14260,uncharacterized protein,FBgn0039504,NM_001276082,43287,GO:0005737|GO:0007527|GO:0030162|GO:0031625|GO:0043161
155,FBgn0039611,540.560634750128,-1.46410781088786,0.163915748866863,-8.93207529483364,4.18090774372857e-19,2.16236548505642e-16,-1,Nepl18,Neprilysin-like 18,FBgn0039611,NM_143386,43410,GO:0004222|GO:0005886|GO:0016485
156,FBgn0039616,38.5487467369518,1.20277513311491,0.313599434411299,3.83538680601516,0.000125366835028706,0.00257709567078087,1,CG11828,uncharacterized protein,FBgn0039616,NM_143391,43416,GO:0004656|GO:0005506|GO:0005783|GO:0018401|GO:0019953|GO:0031418
157,FBgn0039621,17.8068456845472,1.64690123320707,0.463890135806887,3.55019670841344,0.000384943402643086,0.00634053273398102,1,CG14518,uncharacterized protein,FBgn0039621,NM_143396,43421,GO:0003674|GO:0005575|GO:0008150
158,FBgn0039687,372.913759511147,1.29027929503808,0.150684083533171,8.56281078123319,1.10148627139707e-17,4.59426370618198e-15,1,Naa40,N(alpha)-acetyltransferase 40,FBgn0039687,NM_143458,43500,GO:0004596|GO:0005634|GO:0006474|GO:0010485|GO:0043967|GO:0043968|GO:0043998|GO:1990189
159,FBgn0039769,26.6481526923565,2.25581554562649,0.420698174355535,5.36207590889159,8.22709514182968e-08,4.77023947012815e-06,1,CG15534,uncharacterized protein,FBgn0039769,NM_143535,43613,GO:0005615|GO:0005764|GO:0006685|GO:0008081|GO:0046513|GO:0061750
160,FBgn0039805,338.446306772461,2.30997072328821,0.717261107788772,3.22054367399004,0.00127947695870964,0.0160979886504905,1,Cpr100A,Cuticular protein 100A,FBgn0039805,NM_143572,43657,GO:0008010|GO:0008010|GO:0040003|GO:0062129|GO:0062129
161,FBgn0039809,1497.08391857248,1.4234587477215,0.180749378955839,7.87531750285729,3.39878640939042e-15,9.55354527683002e-13,1,CG15547,uncharacterized protein,FBgn0039809,NM_143576,43661,GO:0003341|GO:0005929|GO:1902176
162,FBgn0039848,132.924516095096,1.1434801958196,0.274400325170648,4.1671969415797,3.08368070544184e-05,0.000815378149721124,1,Loxl1,Lysyl oxidase-like 1,FBgn0039848,NM_079868,43712,GO:0004720|GO:0004720|GO:0004720|GO:0005044|GO:0005507|GO:0005615|GO:0016020|GO:0018057|GO:0036211
163,FBgn0040102,456.194774188778,-1.2796916684068,0.365106953562844,-3.5049775303349,0.000456645821725186,0.00725360009202292,-1,lectin-24Db,lectin-24Db,FBgn0040102,NM_144384,53550,GO:0005537|GO:0005576|GO:0009897|GO:0030246|GO:0042806|GO:0044419|GO:0140081
164,FBgn0040104,19.008193320477,2.06408196782911,0.43970103181893,4.6942850220081,2.67540794880436e-06,0.000101626767866146,1,lectin-24A,lectin-24A,FBgn0040104,NM_144380,53543,GO:0005534|GO:0005576|GO:0009897|GO:0016339|GO:0030246|GO:0030246|GO:0043152|GO:0044419
165,FBgn0040333,27.1375526243691,1.20325424851046,0.344534586403727,3.49240481505818,0.000478692170767843,0.0075297929051438,1,brv3,brivido-3,FBgn0040333,NM_001297902,31246,GO:0005262|GO:0005262|GO:0005509|GO:0006816|GO:0009409|GO:0016020|GO:0050982
166,FBgn0040345,52.7198365772708,1.38395833733863,0.321533042236811,4.30424919227847,1.6755298697291e-05,0.000487941468819759,1,CG3708,uncharacterized protein,FBgn0040345,NM_130515,31039,GO:0000785|GO:0003682|GO:0005634|GO:0006334|GO:0042393
167,FBgn0040496,79.452868848262,1.64994245802121,0.594522031917018,2.77524190769015,0.00551606614795925,0.0483216363774479,1,CG17104,uncharacterized protein,FBgn0040496,NM_001273429,34465,NA
168,FBgn0040503,106.396551598333,-1.2794878822813,0.407203362526177,-3.14213486436779,0.00167720762098695,0.0201545488284026,-1,CG7763,uncharacterized protein,FBgn0040503,NM_001370046,36235,GO:0009897|GO:0030246|GO:0030246|GO:0044419
169,FBgn0040551,459.216114573454,1.0908780630419,0.157571346755824,6.92307380435319,4.4194736273582e-12,6.56825218410823e-10,1,CG11686,uncharacterized protein,FBgn0040551,NM_001275602,50024,NA
170,FBgn0040629,1040.67496813223,-2.89771678217834,0.672150054571954,-4.31111589215551,1.624327399121e-05,0.000474188285746394,-1,CAH5,Carbonic anhydrase 5,FBgn0040629,NM_001104518,50102,GO:0004089|GO:0005886|GO:0006730|GO:0008270|GO:0016836
171,FBgn0040637,677.920065941355,4.64487155440528,1.07363253453481,4.32631408326112,1.51625181564983e-05,0.00044863011387534,1,CG11458,uncharacterized protein,FBgn0040637,NM_144026,50110,GO:0005615
172,FBgn0040688,73.2281225997298,1.53348967986947,0.292534771312639,5.24207660165836,1.58779423168701e-07,8.24505197418192e-06,1,CG12483,uncharacterized protein,FBgn0040688,NM_144069,50161,GO:0003674|GO:0005575|GO:0008150
173,FBgn0040705,81.6243004251008,2.21974726823938,0.381045991778831,5.82540511153776,5.69742237668348e-09,4.11551236483337e-07,1,ND-B8,NADH dehydrogenase (ubiquinone) B8 subunit,FBgn0040705,NM_144084,50178,GO:0005747|GO:0005747|GO:0032981
174,FBgn0040733,1576.31926178536,1.18059250756495,0.413685406310295,2.85384132376045,0.00431940996970172,0.040494106911234,1,BomS6,Bomanin S6,FBgn0040733,NM_176222,50206,GO:0006952
175,FBgn0040734,1578.82060151742,2.00065556249417,0.55321807499494,3.61639587157826,0.000298733407707014,0.0051777787689701,1,BomS5,Bomanin Short 5,FBgn0040734,NM_144109,50207,GO:0003674|GO:0005615|GO:0006952
176,FBgn0040775,12552.3849729844,1.80132788080634,0.265152309038728,6.79355909566391,1.0940039383307e-11,1.53755118724086e-09,1,CG12158,uncharacterized protein,FBgn0040775,NM_144142,2768730,NA
177,FBgn0040786,131.025367585396,1.25814156360411,0.189109204959986,6.65298954575118,2.87198601691575e-11,3.53664563797339e-09,1,CG14104,uncharacterized protein,FBgn0040786,NM_144151,50259,NA
178,FBgn0040907,334.819316197794,1.0141537035404,0.167558937384164,6.05251930677528,1.42597901639138e-09,1.18954249560906e-07,1,mRpL33,mitochondrial ribosomal protein L33,FBgn0040907,NM_080242,50381,GO:0003735|GO:0003735|GO:0005739|GO:0005739|GO:0005762|GO:0005762|GO:0006412|GO:0032543
179,FBgn0040923,9965.14416169959,1.42466349519265,0.220110453230623,6.47249357893943,9.63986188997886e-11,1.06099471954958e-08,1,CG11368,uncharacterized protein,FBgn0040923,NM_144274,50397,NA
180,FBgn0040931,1328.53843417113,1.17873984011606,0.123810879128007,9.52048679742737,1.72369702751742e-21,1.48582683772001e-18,1,CG9034,uncharacterized protein,FBgn0040931,NM_001298108,50405,NA
181,FBgn0041579,3917.42205605904,4.6269391183291,1.25907427987816,3.67487382775928,0.000237966984340385,0.0043215071734848,1,AttC,Attacin-C,FBgn0041579,NM_079005,36484,GO:0005576|GO:0005615|GO:0006952|GO:0006959|GO:0009617|GO:0019731|GO:0050830
182,FBgn0041623,9.97120050242171,-1.6167131522096,0.558289718918216,-2.89583185472636,0.00378154961377548,0.0367082856652529,-1,Or65c,Odorant receptor 65c,FBgn0041623,NM_168165,318013,GO:0004984|GO:0005549|GO:0005886|GO:0016021|GO:0032590|GO:0050911
183,FBgn0042086,156.426686176691,1.1127921961997,0.353692258200525,3.14621587099825,0.00165397878581296,0.0199309838775037,1,Tsp42Eb,Tetraspanin 42Eb,FBgn0042086,NM_165503,59177,GO:0003674|GO:0005887|GO:0008150|GO:0016021
184,FBgn0042101,12.970296034564,1.38233195724323,0.499210346670909,2.76903707317287,0.00562222374150565,0.0488966107293648,1,CG18744,uncharacterized protein,FBgn0042101,NM_144390,59140,GO:0005737|GO:0015031|GO:0031625
185,FBgn0042126,62.3554403527691,1.00491508068337,0.232330054568092,4.32537702688328,1.522711968943e-05,0.000448767029844901,1,CG18788,uncharacterized protein,FBgn0042126,NM_144408,59164,GO:0005886|GO:0006820|GO:0016021|GO:0022857|GO:0055085
186,FBgn0042131,87.6017417888603,1.77847531040322,0.274802805040157,6.47182371425694,9.68270509720419e-11,1.06099471954958e-08,1,CG18808,uncharacterized protein,FBgn0042131,NM_144411,59169,GO:0016491
187,FBgn0042206,191.69178571313,1.62187153776139,0.378646543755298,4.2833390783821,1.84109268461694e-05,0.000526674774300457,1,GstD10,Glutathione S transferase D10,FBgn0042206,NM_001300373,59240,GO:0004364|GO:0004364|GO:0005737|GO:0006749|GO:0006749
188,FBgn0043575,213.727221707473,4.61643644396024,1.12564829829314,4.10113571970952,4.11127327433591e-05,0.00104437649188926,1,PGRP-SC2,Peptidoglycan recognition protein SC2,FBgn0043575,NM_136566,35862,GO:0002814|GO:0002814|GO:0008270|GO:0008745|GO:0009253|GO:0042834|GO:0045087|GO:0045752|GO:0061060|GO:0061060
189,FBgn0044048,137.298154247639,1.26332996841562,0.294852734305431,4.2846133728133,1.83057243669477e-05,0.000525984480143631,1,Ilp5,Insulin-like peptide 5,FBgn0044048,NM_206315,2768992,GO:0005158|GO:0005158|GO:0005179|GO:0005515|GO:0005615|GO:0007626|GO:0008286|GO:0008286|GO:0030431|GO:0033500|GO:0048018|GO:0060180|GO:0061964
190,FBgn0047000,40.8473854342916,1.2866129380774,0.454104929357815,2.8332943663415,0.00460709389445631,0.0425194318738901,1,CG33946,uncharacterized protein,FBgn0047000,NM_001316477,26067038,NA
191,FBgn0050016,8.81432598808617,1.87419057318467,0.677014538390415,2.76831658244816,0.00563466919836053,0.0489625488809151,1,CG30016,uncharacterized protein,FBgn0050016,NM_165804,246393,GO:0006144|GO:0033971
192,FBgn0050045,25.9484399511477,1.50321056591819,0.520292880240383,2.88916228341178,0.00386269671075394,0.03735577297685,1,Cpr49Aa,Cuticular protein 49Aa,FBgn0050045,NM_001103815,246413,GO:0008010|GO:0008010|GO:0040003|GO:0062129|GO:0062129
193,FBgn0050050,72.0444905763765,1.98309038701092,0.463356845884948,4.27983400833,1.87032754444584e-05,0.000533848458050435,1,CG30050,uncharacterized protein,FBgn0050050,NM_165897,246417,GO:0003674|GO:0005575
194,FBgn0050160,149.927957941382,1.09837338944267,0.343332212820382,3.19915623535533,0.00137830453035283,0.0171075500083371,1,Tsp42Eb,Tetraspanin 42Eb,FBgn0050160,NM_165503,59177,GO:0003674|GO:0005887|GO:0008150|GO:0016021
195,FBgn0050184,53.0675755528985,1.11144688156485,0.214385060775181,5.18434856209683,2.16771195503667e-07,1.07388948577104e-05,1,CG30184,uncharacterized protein,FBgn0050184,NM_166608,246506,GO:0003674|GO:0005575|GO:0008150
196,FBgn0050379,15.0638675076196,-1.41460859366433,0.481002086617525,-2.94096144906992,0.00327195252038072,0.0329745487829483,-1,CG30379,uncharacterized protein,FBgn0050379,NM_165574,246578,GO:0016020
197,FBgn0050401,14.5708420476171,1.87395396877056,0.536727560978455,3.49144352742823,0.000480418013611952,0.00754775809963856,1,dany,distal antenna-young,FBgn0050401,NM_166493,246593,GO:0003677|GO:0005634|GO:0005705|GO:0005730|GO:0006357
198,FBgn0050461,236.1062957869,1.45745511656044,0.19306133422981,7.54918183060704,4.38001013815838e-14,9.4389218477313e-12,1,CG30461,uncharacterized protein,FBgn0050461,NM_001299583,3771732,NA
199,FBgn0050462,236.1062957869,1.45745511656044,0.19306133422981,7.54918183060704,4.38001013815838e-14,9.4389218477313e-12,1,ste24c,ste24c prenyl protease type I,FBgn0050462,NM_001032262,3772676,GO:0004222|GO:0004222|GO:0007283|GO:0030176|GO:0071586
200,FBgn0050485,138.700040447482,2.12185211579764,0.310427522545874,6.83525770652013,8.18577410871947e-12,1.2027506730198e-09,1,CG30485,uncharacterized protein,FBgn0050485,NM_166013,246644,GO:0003674|GO:0005575|GO:0008150
201,FBgn0051076,14.6291967140424,1.33573896868085,0.439922561904134,3.03630475986346,0.00239497157448449,0.0260664835505762,1,CG31076,uncharacterized protein,FBgn0051076,NM_170305,318582,NA
202,FBgn0051139,6.52844233003781,2.24005279315753,0.744563437416699,3.00854525026036,0.00262501707461606,0.0278894583194623,1,CG31139,uncharacterized protein,FBgn0051139,NM_001275919,42698,GO:0005788|GO:0006493|GO:0006493|GO:0012505|GO:0035251|GO:0035252|GO:0045747|GO:0046527|GO:0140561|GO:0140562
203,FBgn0051202,120.719176514684,1.085532175998,0.281364497305071,3.85809932097084,0.000114272213342623,0.00237929101210968,1,alpha-Man-Ic,alpha-Mannosidase class I c,FBgn0051202,NM_170452,318624,GO:0000139|GO:0004571|GO:0005509|GO:0005783|GO:0005975|GO:0006491
204,FBgn0051219,71.4899803070564,2.00576543701342,0.248241426891624,8.07989811422203,6.48209073179567e-16,2.26522792330049e-13,1,CG31219,uncharacterized protein,FBgn0051219,NM_001104367,42344,GO:0004252|GO:0004252|GO:0006508|GO:0006508
205,FBgn0051300,718.41078833187,-1.07010535772664,0.189094488090621,-5.65910391430242,1.52165403674671e-08,1.01942936244223e-06,-1,CG31300,uncharacterized protein,FBgn0051300,NM_143116,326132,NA
206,FBgn0051779,29.6769125047577,2.48664304917178,0.575187811442919,4.32318453155982,1.53792992181529e-05,0.000451941679297083,1,Acp24A4,Accessory gland protein 24A4,FBgn0051779,NM_001042865,318936,GO:0004867|GO:0005615|GO:0005615|GO:0019953|GO:0030512|GO:0048019|GO:0050431
207,FBgn0052055,84.3129361531242,1.17699338421247,0.248351531534701,4.73922337800447,2.14538895335394e-06,8.33029404410405e-05,1,CG32055,uncharacterized protein,FBgn0052055,NM_168402,39188,GO:0005615|GO:0031012
208,FBgn0052069,301.501158731336,1.08492822062041,0.15231494108543,7.12292709361909,1.0565871754415e-12,1.75149643313572e-10,1,CG32069,uncharacterized protein,FBgn0052069,NM_168435,39235,GO:0005789|GO:0006888|GO:0012505|GO:0030134|GO:0030173
209,FBgn0052160,29.3398576593398,1.58706436128078,0.361489865157955,4.39034261883748,1.13172200635322e-05,0.00034593771967251,1,lncRNA:CR32160,long non-coding RNA:CR32160,FBgn0052160,NR_048284,12797918,GO:0003674|GO:0005575|GO:0008150
210,FBgn0052368,150.081921986488,2.63515715827166,0.547229302482437,4.8154533142096,1.4686609887848e-06,5.9716310015684e-05,1,CG32368,uncharacterized protein,FBgn0052368,NM_168244,317997,GO:0003674|GO:0005575|GO:0008150
211,FBgn0052551,407.905447471665,1.40130432096218,0.175797480180281,7.97112859368145,1.57231796078199e-15,4.95855395924661e-13,1,CG32551,uncharacterized protein,FBgn0052551,NM_167618,318085,GO:0003674|GO:0005575|GO:0008150
212,FBgn0052580,37.9518839771055,-2.23347870927049,0.629941396905837,-3.54553410879322,0.000391818275120613,0.00640481706360243,-1,Muc14A,Mucin 14A,FBgn0052580,NM_167482,318097,GO:0005201|GO:0031012
213,FBgn0052602,75.4687928394291,1.34685610923335,0.264730362716126,5.08765256623625,3.62522722481371e-07,1.71691011613696e-05,1,Muc12Ea,Mucin 12Ea,FBgn0052602,NM_001382061,32384,GO:0005201|GO:0007304|GO:0031012|GO:0042600
214,FBgn0052656,14.1666339757287,-2.49208254988373,0.669667093097302,-3.72137525581183,0.000198140739751579,0.00372377872818011,-1,Muc11A,Mucin 11A,FBgn0052656,NM_001298221,32174,GO:0005201|GO:0005576|GO:0008061|GO:0031012
215,FBgn0052726,2505.51653003259,1.84259222322302,0.200240965404441,9.20187444912385,3.51759177511348e-20,2.52680342512318e-17,1,CG32726,uncharacterized protein,FBgn0052726,NM_001298055,318175,GO:0003674|GO:0005575|GO:0008150
216,FBgn0053170,1350.51544272583,1.01862243319645,0.115551029333287,8.81534711610753,1.19314813950914e-18,5.71385386809376e-16,1,CG33170,uncharacterized protein,FBgn0053170,NM_001144528,326267,NA
217,FBgn0053223,48.4049242758084,1.00724800807968,0.354626248670074,2.84030866823052,0.00450699004505729,0.0419247347356768,1,CG33223,uncharacterized protein,FBgn0053223,NM_001298092,2768867,GO:0003674|GO:0005575
218,FBgn0053299,12.5564620096532,3.3099927929242,0.776200580698017,4.26435237905595,2.0048283741398e-05,0.000567230434959029,1,CG33299,uncharacterized protein,FBgn0053299,NM_001201831,2768912,GO:0003674|GO:0005575|GO:0008150
219,FBgn0053530,15.6299949590756,2.35002009979574,0.49451409497459,4.75218021827365,2.01234882232047e-06,7.88474856745568e-05,1,Acp53C14c,Accessory gland protein 53C14c,FBgn0053530,NM_001014532,3346203,GO:0003674|GO:0005615|GO:0019953
220,FBgn0053965,59.3829828478499,-1.79003365432087,0.311982535276315,-5.73760852586023,9.60227495773185e-09,6.78455820784004e-07,-1,CG33965,uncharacterized protein,FBgn0053965,NM_001038894,3885668,GO:0005770|GO:0120009|GO:0120013|GO:1902936|GO:1902936
221,FBgn0054051,29.9135555108693,2.09400991656855,0.497991117293483,4.20491419194227,2.61181227287903e-05,0.000713968978611541,1,CG34051,uncharacterized protein,FBgn0054051,NM_001038827,3885660,GO:0003674|GO:0005615|GO:0019953
222,FBgn0058354,47.0812884367784,-1.33423178140785,0.413529128666539,-3.22645175131966,0.00125335361561198,0.0158881002449636,-1,NA,NA,FBgn0058354,NA,NA,NA
223,FBgn0061198,233.058286895952,1.0146637829878,0.139873133380407,7.25417210915163,4.04125987711076e-13,7.35964650859748e-11,1,HSPC300,Haematopoietic stem/progenitor cell protein 300,FBgn0061198,NM_001299881,246497,GO:0005515|GO:0008064|GO:0008360|GO:0008582|GO:0010592|GO:0021551|GO:0031209|GO:0031209|GO:0044877|GO:0048870|GO:0051491
224,FBgn0063499,969.276948985555,1.13231077804288,0.408927809215752,2.76897474939268,0.00562329931589834,0.0488966107293648,1,GstE10,Glutathione S transferase E10,FBgn0063499,NM_001299641,37105,GO:0004364|GO:0004364|GO:0005737|GO:0006749|GO:0006749
225,FBgn0066084,30970.3534872342,1.78139712745598,0.17227472876922,10.340443663344,4.62391824236664e-25,4.98227190615005e-22,1,RpL41,Ribosomal protein L41,FBgn0066084,NM_001014551,251466,GO:0000228|GO:0002181|GO:0002181|GO:0003735|GO:0003735|GO:0003735|GO:0005634|GO:0005654|GO:0005730|GO:0005737|GO:0005829|GO:0006412|GO:0022625|GO:0022625|GO:0022625
226,FBgn0066293,25.6643056071176,-1.78183897053358,0.452250484311807,-3.93993822526252,8.15025935343536e-05,0.00180759611389227,-1,CheB42b,Chemosensory protein B 42b,FBgn0066293,NM_206041,2768717,GO:0005576|GO:0005615|GO:0007606|GO:0008289|GO:0043695
227,FBgn0067903,624.885274804814,4.98102239700378,1.46861946362488,3.39163583240925,0.000694767156992021,0.00997040992220513,1,IM18,Immune induced molecule 18,FBgn0067903,NM_001032276,3772138,GO:0005576|GO:0006952|GO:0009617|GO:0098542
228,FBgn0069354,45.9045596258613,1.88862641109083,0.537121346587366,3.51620061852007,0.00043777006030771,0.00700540455418155,1,Porin2,Porin2,FBgn0069354,NM_001273435,34499,GO:0005261|GO:0005739|GO:0005741|GO:0006811|GO:0008308|GO:0008308|GO:0015288|GO:0098656
229,FBgn0083055,16.5314926955503,-3.85445319440158,1.31485729645953,-2.93146123520806,0.00337371468528788,0.0336850431511755,-1,snoRNA:Psi18S-1295,ncRNA,FBgn0083055,NR_003901,5740621,NA
230,FBgn0083970,1064.19416912165,-2.17085313688858,0.168264469463731,-12.9014351265435,4.41792097735718e-38,2.85618591186141e-34,-1,CG34134,uncharacterized protein,FBgn0083970,NM_001042882,4379889,GO:0003674|GO:0005575|GO:0008150
231,FBgn0083983,109.794677788109,1.34982437666648,0.229060178201283,5.89288102046419,3.79519679187712e-09,2.88658203052771e-07,1,mRpL34,mitochondrial ribosomal protein L34,FBgn0083983,NM_001043087,4379878,GO:0003735|GO:0003735|GO:0005762|GO:0005762|GO:0005762|GO:0006412|GO:0032543|GO:0032543
232,FBgn0085201,419.840471221218,2.13189993957842,0.347883224273493,6.12820564725594,8.88756667114654e-10,7.81743109237584e-08,1,CG34172,uncharacterized protein,FBgn0085201,NM_001103584,5740746,GO:0002082|GO:0005746|GO:0005751|GO:0006123|GO:0097250
233,FBgn0085209,1475.93362440757,1.01729121347268,0.136212576553195,7.46840885926124,8.11703057703791e-14,1.66592389462064e-11,1,CG34180,uncharacterized protein,FBgn0085209,NM_001103626,5740541,GO:0003674|GO:0005575|GO:0008150
234,FBgn0085237,32.3172488278473,1.46316281473028,0.376594078782989,3.88525177947214,0.000102223890831013,0.00217752044224875,1,CG34208,uncharacterized protein,FBgn0085237,NM_001103943,5740805,GO:0003674|GO:0005575|GO:0008150
235,FBgn0085276,9.45420730532127,2.0147819097928,0.707465418083722,2.84788748438071,0.00440104813084597,0.0410573970648184,1,CG34247,uncharacterized protein,FBgn0085276,NM_001104147,5740480,NA
236,FBgn0085279,207.470897856367,1.23185362342751,0.15006505824415,8.20879715665276,2.23415294265989e-16,8.02433265238676e-14,1,CG34250,uncharacterized protein,FBgn0085279,NM_001104163,5740115,GO:0003674|GO:0005575|GO:0008150
237,FBgn0085330,30.0267257786943,1.32067835375009,0.349035301089998,3.78379593590034,0.000154454476297797,0.00301221173232355,1,CG34301,uncharacterized protein,FBgn0085330,NM_001104240,5740866,NA
238,FBgn0085334,158.297653177799,1.72468756555402,0.380023591903965,4.53836972834535,5.66908003234723e-06,0.000192391613696193,1,CG34305,uncharacterized protein,FBgn0085334,NM_001104201,5740825,GO:0003674|GO:0005575|GO:0008150
239,FBgn0085356,112.364525414988,1.32667757868522,0.423972868889193,3.12915678345436,0.00175308741221624,0.0209689363921887,1,CG34327,uncharacterized protein,FBgn0085356,NM_001103540,5740714,GO:0003674|GO:0005575|GO:0008150
240,FBgn0085358,14.3122548545143,3.28883551048209,0.608376679517247,5.40591975532628,6.44766602021838e-08,3.87759635541505e-06,1,Diedel3,Diedel 3,FBgn0085358,NM_001103558,50358,GO:0003674|GO:0005615|GO:0008150
241,FBgn0085475,32.1474324223653,1.66165742262841,0.332075622483432,5.0038524665005,5.6195771818066e-07,2.55849059720983e-05,1,CG34446,uncharacterized protein,FBgn0085475,NM_001103949,5740549,GO:0003674|GO:0005575|GO:0008150
242,FBgn0085599,78.0738648236654,-1.61705839963935,0.434515421659155,-3.72152130634344,0.000198026153485806,0.00372377872818011,-1,CG41284,uncharacterized protein,FBgn0085599,NM_001110947,5740851,NA
243,FBgn0085766,125.878064925803,1.83583890590874,0.33252996930132,5.52082240817581,3.37416670687117e-08,2.14916135565735e-06,1,NA,NA,FBgn0085766,NA,NA,NA
244,FBgn0085772,134.792928388886,1.10781217650174,0.333186191037886,3.32490423162756,0.00088448911189475,0.0121535007617419,1,NA,NA,FBgn0085772,NA,NA,NA
245,FBgn0085773,24.9856368585313,-1.16819242808484,0.343576492684089,-3.40009416522848,0.00067362650410014,0.00973183318213945,-1,NA,NA,FBgn0085773,NA,NA,NA
246,FBgn0085826,113.053053781703,1.38651004831089,0.359629286196476,3.85538692628442,0.000115546729104021,0.00239810466663722,1,NA,NA,FBgn0085826,NA,NA,NA
247,FBgn0086265,19.5009070499789,3.52935648530052,0.72510512504445,4.86737214150041,1.13091951046485e-06,4.7322942622364e-05,1,psd,palisade,FBgn0086265,NM_001273187,33830,GO:0007305|GO:0032529|GO:0042600|GO:0060388
248,FBgn0086367,10428.6608920206,-1.06514110458817,0.175506090091753,-6.06896948152243,1.28733603657148e-09,1.09508256268877e-07,-1,t,tan,FBgn0086367,NM_001298113,31863,GO:0001692|GO:0001694|GO:0003832|GO:0003832|GO:0005737|GO:0005829|GO:0007601|GO:0016787|GO:0031964|GO:0042416|GO:0048067
249,FBgn0086663,65.0365018126913,-3.02406475380502,0.843495238074684,-3.58515924844767,0.000336872584854163,0.00565683444436926,-1,snoRNA:Psi18S-1275,ncRNA,FBgn0086663,NR_002494,3771813,NA
250,FBgn0250904,6.9746719184276,2.0890561878681,0.726810177505069,2.87428031764667,0.00404949374158083,0.0387564426932939,1,CG34434,uncharacterized protein,FBgn0250904,NM_001103417,31472,GO:0003674|GO:0005575|GO:0008150
251,FBgn0260225,85.966673133568,1.15914201794992,0.172663918892866,6.71328454365231,1.90291518239877e-11,2.53656632045527e-09,1,NA,NA,FBgn0260225,NA,NA,NA
252,FBgn0260447,29.112014065267,-3.59368027614617,1.02562564502534,-3.50389081394057,0.000458513312532077,0.00726957921613476,-1,NA,NA,FBgn0260447,NA,NA,NA
253,FBgn0260455,624.885274804814,4.98102239700378,1.46861946362488,3.39163583240925,0.000694767156992021,0.00997040992220513,1,CG10332,uncharacterized protein,FBgn0260455,NM_137965,37735,NA
254,FBgn0260475,12163.8900949015,1.82336137552111,0.344728019655833,5.28927523019888,1.22801986942442e-07,6.6714040469663e-06,1,CG30059,uncharacterized protein,FBgn0260475,NM_137028,246425,GO:0008449|GO:0030203
255,FBgn0260479,2379.84143258694,2.29524199140381,0.724387864177347,3.1685262894491,0.00153213891785819,0.0186892039697231,1,CG31904,uncharacterized protein,FBgn0260479,NM_164768,319016,GO:0005326|GO:0005332|GO:0005887|GO:0006836|GO:0035725|GO:0043005
256,FBgn0260932,130.538399327715,2.1391623286273,0.320672445135197,6.67086418268777,2.54301484708484e-11,3.1616521127699e-09,1,cuff,cutoff,FBgn0260932,NM_136865,36269,GO:0000956|GO:0001015|GO:0005634|GO:0005634|GO:0005737|GO:0005829|GO:0009953|GO:0030422|GO:0030717|GO:0030719|GO:0030723|GO:0030727|GO:0034587|GO:0048471|GO:0048477|GO:0090305|GO:0110155|GO:0140543|GO:1905382|GO:1990470
257,FBgn0260955,4.480584108262,5.76022032988913,1.84394691595291,3.12385366414541,0.00178499206798182,0.0212718409576082,1,CG42587,uncharacterized protein,FBgn0260955,NM_001169510,8674060,GO:0003674|GO:0005575|GO:0008150
258,FBgn0260997,115.680750549703,-1.46798026391134,0.423570572058285,-3.46572769864036,0.000528798547494425,0.00812038624596545,-1,CG42598,uncharacterized protein,FBgn0260997,NM_001170386,8674042,NA
259,FBgn0261016,4019.30893292398,1.69085087376616,0.142294252027886,11.8827770599954,1.4545336506063e-32,4.70178002558488e-29,1,clos,closca,FBgn0261016,NM_001103776,5740204,GO:0003674|GO:0005576|GO:0007165|GO:0007305|GO:0007362|GO:0008293|GO:0009950
260,FBgn0261111,1964.6473781077,1.22848105025915,0.160614293430249,7.64864087761064,2.03114612559405e-14,4.86346655628353e-12,1,BHD,Birt-Hogg-Dube,FBgn0261111,NM_139833,38793,GO:0000122|GO:0003674|GO:0005096|GO:0005730|GO:0005737|GO:0005829|GO:0030511|GO:0030718|GO:0043547|GO:1901837|GO:1901840|GO:1904263
261,FBgn0261429,84.8911099042275,-2.30387604602615,0.290921440328607,-7.91923772762786,2.38971065816153e-15,7.18580437442526e-13,-1,lncRNA:CR42646,long non-coding RNA:CR42646,FBgn0261429,NR_037737,10178834,NA
262,FBgn0261504,1013.61717042104,1.08407609824187,0.290463173491523,3.7322325071736,0.000189790194541313,0.00360880472855761,1,7SLRNA:CR42652,Signal recognition particle 7SL RNA CR42652,FBgn0261504,NR_037753,10178925,NA
263,FBgn0261508,58.348887940123,1.69619014485014,0.587241347705932,2.88840380786593,0.00387202438436864,0.0374179934901992,1,CG42656,uncharacterized protein,FBgn0261508,NM_001202263,10178806,GO:0003674|GO:0005575|GO:0008150
264,FBgn0261575,21.7569590614632,1.18373366540723,0.391927823446042,3.02028484479412,0.00252537060680814,0.0270979601211861,1,tobi,target of brain insulin,FBgn0261575,NM_143134,43072,GO:0004553|GO:0005975
265,FBgn0261805,91.6252048929844,1.49331177318958,0.47841551052504,3.12136989779185,0.0018001176896852,0.0213536896583759,1,CG42751,uncharacterized protein,FBgn0261805,NM_001201863,10178957,NA
266,FBgn0261832,55.0198552863223,-1.23966330764355,0.357368587486564,-3.46886478289073,0.000522662439762741,0.00804526826920504,-1,CG42764,uncharacterized protein,FBgn0261832,NM_001202211,10178963,GO:0003674|GO:0005615|GO:0008150
267,FBgn0262001,96.4639160260151,1.24102142103169,0.243960868438414,5.08696918885159,3.63830914015101e-07,1.71691011613696e-05,1,CG42819,uncharacterized protein,FBgn0262001,NM_001201799,10178852,NA
268,FBgn0262003,74.7866392426973,1.63570221590034,0.365358649166668,4.47697685447203,7.57074536592539e-06,0.000244724343953538,1,CG42821,uncharacterized protein,FBgn0262003,NM_001038971,3885579,NA
269,FBgn0262106,9.55842030949748,2.23976095673897,0.65681176229713,3.41005001022764,0.00064950968379421,0.00950018123468228,1,lncRNA:CR42859,long non-coding RNA:CR42859,FBgn0262106,NR_037729,10178841,GO:0007283
270,FBgn0262111,72.1392438275626,1.01236371702949,0.286266191860904,3.53644176578629,0.000405555901473345,0.00657947027107948,1,f,forked,FBgn0262111,NM_001042819,32718,GO:0005737|GO:0007605|GO:0008407|GO:0009913|GO:0035017|GO:0035317|GO:0048800|GO:0051015|GO:0051017|GO:0051017
271,FBgn0262149,61.6252796979571,1.31078229348178,0.275603695467259,4.75604033995074,1.97427035160662e-06,7.75906250646615e-05,1,CR42875,pseudo,FBgn0262149,NA,10178955,NA
272,FBgn0262359,1114.36261779065,1.11667571944288,0.221642334980145,5.03818785135483,4.69960085083561e-07,2.17364791933321e-05,1,CG43057,uncharacterized protein,FBgn0262359,NM_001259011,12798305,GO:0003674|GO:0005575|GO:0008150
273,FBgn0262364,30.2375114435649,1.89998446210555,0.311290981584824,6.10356410723008,1.03728935270847e-09,8.88221942418579e-08,1,CG43062,uncharacterized protein,FBgn0262364,NM_001260128,12797888,GO:0003674|GO:0005575|GO:0008150
274,FBgn0262565,91.0971657557062,1.53015333217155,0.292918929605957,5.22381170185879,1.75277021910162e-07,8.92256650904878e-06,1,NA,NA,FBgn0262565,NA,NA,NA
275,FBgn0262569,785.719199705734,5.2030468225867,1.28895983842142,4.03662446842319,5.42257624555002e-05,0.00128866561428565,1,CG43109,uncharacterized protein,FBgn0262569,NM_001259486,12798341,GO:0003674|GO:0005575|GO:0008150
276,FBgn0262574,595.110518054995,1.74343328539118,0.291970691104397,5.97126128926344,2.35426339329884e-09,1.88154904225309e-07,1,CG43114,uncharacterized protein,FBgn0262574,NM_001259335,12798406,GO:0003674|GO:0005575|GO:0008150
277,FBgn0262598,75.902635397404,1.10573955793403,0.271464181284227,4.07324293283579,4.63630200100259e-05,0.00113968412306014,1,mtsh,mitoshell,FBgn0262598,NM_135364,34141,GO:0007112|GO:0007283|GO:0010635|GO:0055050
278,FBgn0262815,41.6253615636155,1.88435506684544,0.641191279577115,2.93883452078173,0.00329448919818752,0.0331242187656024,1,NA,NA,FBgn0262815,NA,NA,NA
279,FBgn0262858,328.376299839613,1.08084965518706,0.138399951101486,7.80961009440306,5.73651704772092e-15,1.51587857347916e-12,1,CG43222,uncharacterized protein,FBgn0262858,NM_001260362,12798528,GO:0005575|GO:0046872|GO:1990748
280,FBgn0262880,172.545004923185,2.16876876478917,0.360574049401027,6.01476664333401,1.80146016012247e-09,1.46496099813733e-07,1,CG43235,uncharacterized protein,FBgn0262880,NM_001259002,12798301,NA
281,FBgn0262881,96.417507056322,2.4129990876663,0.722985451196242,3.33754860996689,0.000845209359834914,0.0117259195522161,1,CG43236,uncharacterized protein,FBgn0262881,NM_001259393,12798466,GO:0003674|GO:0005576|GO:0009611
282,FBgn0262964,20.7010317017769,2.43750530599779,0.581445833824819,4.19214510483908,2.76329152233958e-05,0.000747476137737465,1,NA,NA,FBgn0262964,NA,NA,NA
283,FBgn0263025,352.665594637317,1.04591857540443,0.137120405154075,7.62773836781761,2.38907793351559e-14,5.52006347600426e-12,1,HSPBAP1,HSPB1 associated protein 1,FBgn0263025,NM_143324,43329,GO:0005737|GO:0008150|GO:0016706
284,FBgn0010241,74.6397129558841,1.19673267324183,0.329639062426328,3.63043343356582,0.000282945672690004,0.00496402652358448,1,Mdr50,Multi drug resistance 50,FBgn0010241,NM_079016,36582,GO:0005524|GO:0005886|GO:0008559|GO:0009636|GO:0015562|GO:0016021|GO:0017085|GO:0042626|GO:0042908|GO:0043190|GO:0055085|GO:0097254
285,FBgn0010314,27.4241953316744,1.84978807833475,0.597231361078345,3.09727217772828,0.00195310457679857,0.0226490064376732,1,Cks30A,Cyclin-dependent kinase subunit 30A,FBgn0010314,NM_057599,34250,GO:0000307|GO:0005515|GO:0006468|GO:0006468|GO:0007057|GO:0007143|GO:0007144|GO:0007346|GO:0007488|GO:0019005|GO:0019901|GO:0031145|GO:0035186|GO:0042393|GO:0043130|GO:0051225|GO:0061575
286,FBgn0010385,942.992622412404,2.24571102076692,0.429145740753675,5.2329798655882,1.66798914660243e-07,8.55837288316246e-06,1,Def,Defensin,FBgn0010385,NM_078948,36047,GO:0005615|GO:0005615|GO:0006959|GO:0006959|GO:0009617|GO:0009617|GO:0019731|GO:0019731|GO:0042742|GO:0050830|GO:0050830
287,FBgn0010388,2298.50616323315,4.13520880853611,1.4417971072124,2.86809342857624,0.00412953568868427,0.0393767672969672,1,Dro,Drosocin,FBgn0010388,NM_001259395,36635,GO:0002213|GO:0005576|GO:0006952|GO:0006964|GO:0009617|GO:0009617|GO:0019731|GO:0042742|GO:0050829|GO:0050829|GO:0050830
288,FBgn0011227,2006.91805994015,1.17884362306106,0.23399575381797,5.03788467878826,4.70704885857154e-07,2.17364791933321e-05,1,ox,oxen,FBgn0011227,NM_057637,45401,GO:0005750|GO:0005750|GO:0006122|GO:0006122
289,FBgn0011278,12.9450857513945,-1.18014285033854,0.428072177946772,-2.75687818815753,0.00583560863257838,0.0498167448827109,-1,lbe,ladybird early,FBgn0011278,NM_079711,42542,GO:0000122|GO:0000981|GO:0000981|GO:0005634|GO:0005634|GO:0006355|GO:0006357|GO:0007419|GO:0007480|GO:0007483|GO:0007520|GO:0007525|GO:0008544|GO:0016477|GO:0042659|GO:0045664|GO:0051450|GO:1901739|GO:1990837
290,FBgn0013681,6200.85782545972,1.26399794367911,0.219364929594468,5.76207849639327,8.30843383039265e-09,5.96822496816539e-07,1,ND3,mitochondrial NADH-ubiquinone oxidoreductase chain 3,FBgn0013681,YP_009047272,19893542,GO:0005747|GO:0005747|GO:0008137|GO:0030964
291,FBgn0013686,781517.896925198,1.10262006981385,0.26084054320899,4.22718054581882,2.36637788471764e-05,0.00065659369204719,1,NA,NA,FBgn0013686,NA,NA,NA
292,FBgn0013688,3455.27934848155,1.71653461877614,0.299724893204828,5.72703388237787,1.02201762598622e-08,7.14307454270371e-07,1,NA,NA,FBgn0013688,NA,NA,NA
293,FBgn0013691,44.32557499228,1.20418690129203,0.331991840621873,3.62715812242974,0.000286557821502129,0.00501379246552439,1,NA,NA,FBgn0013691,NA,NA,NA
294,FBgn0013697,402.867542464496,1.5183919533132,0.141476534883994,10.7324649600602,7.16587401694377e-27,1.02949723376759e-23,1,NA,NA,FBgn0013697,NA,NA,NA
295,FBgn0013704,93.8900300822954,1.61974745113597,0.206425855832924,7.84663066843214,4.27363442907872e-15,1.17570410995719e-12,1,NA,NA,FBgn0013704,NA,NA,NA
296,FBgn0263079,7.68967222066048,1.81279964781585,0.586895561015904,3.08879427317175,0.00200970551891414,0.0231393520565983,1,CG43338,uncharacterized protein,FBgn0263079,NM_001259151,35117,GO:0003674|GO:0005575|GO:0008150
297,FBgn0263083,328.393152200883,1.46528803008846,0.428058438356423,3.42310277941159,0.000619106635689094,0.0091801018342431,1,CG43351,uncharacterized protein,FBgn0263083,NM_001259487,12798343,GO:0003674|GO:0005575|GO:0008150
298,FBgn0263096,44.3535916320196,1.58752371569361,0.567341989696299,2.79817772089003,0.00513918269187178,0.0458496169895089,1,NA,NA,FBgn0263096,NA,NA,NA
299,FBgn0263206,10.3901106145435,2.10740394960893,0.588156282141574,3.58306799331553,0.000339582169317712,0.00568756146279535,1,CG43376,uncharacterized protein,FBgn0263206,NM_001259095,12798198,GO:0003674|GO:0005575|GO:0008150
300,FBgn0263210,43.5180159079193,1.22006183215369,0.291566287441053,4.18450926841244,2.85782787763862e-05,0.000765045847988971,1,NA,NA,FBgn0263210,NA,NA,NA
301,FBgn0263442,41.133758497637,1.65569475282292,0.505548533002906,3.27504610287021,0.00105644731317936,0.0138819753652532,1,asRNA:CR43465,antisense RNA:CR43465,FBgn0263442,NR_047908,12798571,NA
302,FBgn0263448,7.56498069225716,1.94617039100835,0.635471633424317,3.06256060639744,0.0021945203133683,0.0245672274042009,1,asRNA:CR43471,antisense RNA:CR43471,FBgn0263448,NR_048398,12798409,NA
303,FBgn0263454,346.661876510947,-1.42043668846382,0.41739450030496,-3.40310350861358,0.000666250349086755,0.00964682756292469,-1,asRNA:CR43477,antisense RNA:CR43477,FBgn0263454,NR_048377,12797891,NA
304,FBgn0263597,6.04190223787774,3.67481546068247,1.14687428957612,3.20420075162785,0.00135438003333905,0.0168873035979497,1,Acp98AB,Accessory gland protein 98AB,FBgn0263597,NM_001276097,12798279,GO:0005179|GO:0005576|GO:0005615|GO:0019953|GO:0045434
305,FBgn0263744,13.5907036870374,1.8961021382354,0.466710898978194,4.0626909343379,4.85102397175646e-05,0.00117680562767,1,NA,NA,FBgn0263744,NA,NA,NA
306,FBgn0263838,58.517074299861,1.85569141795609,0.350715245723375,5.29116267565896,1.21541196029783e-07,6.6309184163084e-06,1,lncRNA:CR43700,long non-coding RNA:CR43700,FBgn0263838,NR_073800,14462798,NA
307,FBgn0264297,236.614439422498,1.05175768840789,0.168311658911029,6.24887007360468,4.13432644999835e-10,3.84581589917112e-08,1,CG43775,uncharacterized protein,FBgn0264297,NM_166663,37863,GO:0003674|GO:0005576|GO:0005615|GO:0008150
308,FBgn0264298,236.614439422498,1.05175768840789,0.168311658911029,6.24887007360468,4.13432644999835e-10,3.84581589917112e-08,1,CG43776,uncharacterized protein,FBgn0264298,NM_001274233,14462630,GO:0003674|GO:0005576|GO:0008150
309,FBgn0264299,236.614439422498,1.05175768840789,0.168311658911029,6.24887007360468,4.13432644999835e-10,3.84581589917112e-08,1,CG43777,uncharacterized protein,FBgn0264299,NM_001274234,14462631,GO:0003674|GO:0005576|GO:0008150
310,FBgn0264360,3364.57109870512,2.48163791054207,0.165627679760135,14.9832317529053,9.45074870453085e-51,1.22198180749584e-46,1,asRNA:CR43812,antisense RNA:CR43812,FBgn0264360,NR_073891,14462610,NA
311,FBgn0264382,9.57111590657249,-2.92692829533713,0.742257313832772,-3.94327983138817,8.03747793709029e-05,0.00179154319387724,-1,lncRNA:CR43834,long non-coding RNA:CR43834,FBgn0264382,NR_073639,14462388,NA
312,FBgn0264541,151.43463250429,5.13879766372266,1.28572251868392,3.99681703403841,6.41998828926597e-05,0.00147968714046718,1,CG43920,uncharacterized protein,FBgn0264541,NM_001299613,19835957,GO:0003674|GO:0005575|GO:0008150
313,FBgn0264711,23.4153200938782,1.8164305701965,0.533637307503626,3.40386727962074,0.000664390267210943,0.00964682756292469,1,CG43980,uncharacterized protein,FBgn0264711,NM_001275256,2768995,GO:0046982
314,FBgn0264745,23.213855027253,-1.23241623997218,0.44670914203716,-2.75887848265629,0.0058000097948128,0.0497182297553964,-1,NA,NA,FBgn0264745,NA,NA,NA
315,FBgn0264997,23.1662016460528,1.1699832570232,0.401262672429835,2.91575403697133,0.00354830109432101,0.0348893788209663,1,lncRNA:CR44148,long non-coding RNA:CR44148,FBgn0264997,NR_073738,14462720,NA
316,FBgn0265046,17.7360362975638,1.26905448966774,0.412999449364271,3.07277525822659,0.00212078142169255,0.0239909919356822,1,CG44163,uncharacterized protein,FBgn0265046,NM_001274202,14462623,GO:0003674|GO:0005575|GO:0008150
317,FBgn0265084,21146.0695866858,-1.10920936127198,0.133803087060102,-8.28986375160195,1.13378266404027e-16,4.31170877824727e-14,-1,CG44195,uncharacterized protein,FBgn0265084,NM_001274609,14462837,GO:0003674|GO:0005575|GO:0008150
318,FBgn0265089,65.2467835814643,-1.33077528344498,0.351631889624567,-3.7845693826741,0.000153974948476378,0.00301194566384201,-1,eIF4E3,eukaryotic translation initiation factor 4E3,FBgn0265089,NM_139937,38923,GO:0000339|GO:0000340|GO:0000340|GO:0003743|GO:0003743|GO:0003743|GO:0005515|GO:0005737|GO:0006413|GO:0007283|GO:0016281|GO:0016281|GO:0016281|GO:0031369|GO:0031370|GO:0045727
319,FBgn0265139,15.9206422689848,1.99737654353512,0.513719322428396,3.88806972276873,0.000101044603867242,0.00215595169637531,1,Gr2a,Gustatory receptor 2a,FBgn0265139,NM_001169162,31093,GO:0004930|GO:0008527|GO:0008527|GO:0016021|GO:0016021|GO:0030424|GO:0030425|GO:0043025|GO:0050909|GO:0050909|GO:0050909|GO:0050912
320,FBgn0265342,35.5384220358598,1.70474296671072,0.292501830070143,5.8281446181103,5.60469998932187e-09,4.07127926190628e-07,1,CG44296,uncharacterized protein,FBgn0265342,NM_001299341,19835750,GO:0005751
321,FBgn0265362,368.869668100165,1.3344794867561,0.168818558522368,7.90481507742101,2.68331640945562e-15,7.88529117596845e-13,1,CG44303,uncharacterized protein,FBgn0265362,NM_001298024,19835072,GO:0003674|GO:0005575|GO:0008150
322,FBgn0265577,288.274918496398,3.93824419140735,1.07645810942963,3.65852062138678,0.00025367533259944,0.00452416834553209,1,IBIN,Induced by Infection,FBgn0265577,NM_001382122,19835457,NA
323,FBgn0265919,23.7679633962284,1.67354011908803,0.438178345952302,3.8193126943571,0.000133824032141212,0.0027121390839904,1,lncRNA:CR44708,long non-coding RNA:CR44708,FBgn0265919,NR_123954,19835283,NA
324,FBgn0265940,5.59550112217637,2.64766801052979,0.799815620280899,3.310347964447,0.000931800566696176,0.0126689603863108,1,lncRNA:CR44727,long non-coding RNA:CR44727,FBgn0265940,NR_124247,19834857,NA
325,FBgn0265982,23.1204847308672,1.87491807312283,0.377783007356212,4.96294972673287,6.94305583169174e-07,3.1171427744366e-05,1,lncRNA:CR44761,long non-coding RNA:CR44761,FBgn0265982,NR_124702,19834852,NA
326,FBgn0266049,72.7859386025132,1.41096662440329,0.225509186626438,6.25680330593623,3.92948490951894e-10,3.73589999118235e-08,1,lncRNA:CR44814,long non-coding RNA:CR44814,FBgn0266049,NR_124721,19835437,NA
327,FBgn0266405,72.3796690332119,3.95840391984368,0.768586391345109,5.15023940628984,2.60154166815987e-07,1.27900888856681e-05,1,CG45045,uncharacterized protein,FBgn0266405,NM_001382125,19836048,NA
328,FBgn0266437,6.80575355325263,3.21019923494212,0.831516924983963,3.86065411116441,0.000113083889841623,0.00235834628330998,1,CG45067,uncharacterized protein,FBgn0266437,NM_001347774,38371,GO:0003674|GO:0008150|GO:0016021
329,FBgn0266459,30.1590827974561,2.68190909682105,0.817577926499306,3.28031005962259,0.00103693059674451,0.0136951099243172,1,CG45084,uncharacterized protein,FBgn0266459,NM_001299044,19836008,GO:0003674|GO:0005575|GO:0008150
330,FBgn0266577,60.5471535443613,-2.04503475304131,0.333250697108798,-6.13662558183235,8.42927348093137e-10,7.56878514641963e-08,-1,asRNA:CR45108,antisense RNA:CR45108,FBgn0266577,NR_124457,19835372,NA
331,FBgn0266691,70.7404192671566,-1.45979331841449,0.280394731179289,-5.20620809198113,1.92738501670972e-07,9.62204180156629e-06,-1,lncRNA:CR45181,long non-coding RNA:CR45181,FBgn0266691,NR_125324,19835897,NA
332,FBgn0266837,29.6063397036309,-1.17651778621112,0.312070491463793,-3.77003855985412,0.000163222327012,0.00315465573731712,-1,lncRNA:CR45299,long non-coding RNA:CR45299,FBgn0266837,NR_124050,19834766,NA
333,FBgn0266925,183.820078052438,1.10180468869146,0.332813730822489,3.31057461472082,0.000931046262931184,0.0126689603863108,1,asRNA:CR45376,antisense RNA:CR45376,FBgn0266925,NR_124688,19836124,NA
334,FBgn0266933,85.6780257177718,1.01281297265468,0.250499407825244,4.04317511744876,5.2732205814156e-05,0.00126007386781755,1,asRNA:CR45384,antisense RNA:CR45384,FBgn0266933,NR_125025,19835185,NA
335,FBgn0267012,27.9214324439824,1.87579792487582,0.533729321924952,3.51451165941296,0.000440563331307977,0.00704138921361204,1,lncRNA:CR45456,long non-coding RNA:CR45456,FBgn0267012,NR_124161,19835849,NA
336,FBgn0267026,208.050427073822,1.27782532589581,0.193404188319798,6.60701992545734,3.92133279546139e-11,4.60934845866507e-09,1,NA,NA,FBgn0267026,NA,NA,NA
337,FBgn0267030,61.706025635401,1.7103148966405,0.270224094243025,6.32924647756369,2.46361309695152e-10,2.46934242973513e-08,1,lncRNA:CR45474,long non-coding RNA:CR45474,FBgn0267030,NR_123762,19836169,NA
338,FBgn0267040,5.589412787732,4.56245536259403,1.37110391623852,3.32757809861025,0.000876044297998765,0.0120710809420023,1,lncRNA:CR45484,long non-coding RNA:CR45484,FBgn0267040,NR_123789,19835710,NA
339,FBgn0267126,1928.0614111119,1.48020304964704,0.153709578395073,9.62986864645835,5.98058791040522e-22,5.52350012010997e-19,1,lncRNA:CR45566,long non-coding RNA:CR45566,FBgn0267126,NR_125280,19835927,NA
340,FBgn0267130,17.6239415827141,2.03668592315333,0.586119878377266,3.47486239298368,0.000511115468442613,0.00794986584911403,1,lncRNA:CR45570,long non-coding RNA:CR45570,FBgn0267130,NR_125295,19834974,NA
341,FBgn0267496,301.601389523393,1.80433898455895,0.274686652736275,6.56871736061849,5.07505099372741e-11,5.85896512043709e-09,1,2SrRNA:CR45836,2S ribosomal RNA:CR45836,FBgn0267496,NR_133552,26067164,NA
342,FBgn0267499,418.231188223401,1.5909709558364,0.280032066978041,5.68138846741848,1.33605628725721e-08,9.04461141059461e-07,1,5.8SrRNA:CR45839,5.8S ribosomal RNA:CR45839,FBgn0267499,NR_133556,26067167,NA
343,FBgn0267500,418.306330571192,1.76539488292431,0.278418435657069,6.34079736407531,2.28579022828752e-10,2.30900528529357e-08,1,2SrRNA:CR45840,2S ribosomal RNA:CR45840,FBgn0267500,NR_133557,26067168,NA
344,FBgn0267502,299.238414972847,1.33052884850676,0.289134196116085,4.60176923511518,4.18917194213964e-06,0.000150461092255182,1,5.8SrRNA:CR45842,5.8S ribosomal RNA:CR45842,FBgn0267502,NR_133560,26067170,NA
345,FBgn0267503,283.917891614853,1.62231473998789,0.277619006760676,5.84367316531184,5.10621653911337e-09,3.7454919163075e-07,1,2SrRNA:CR45843,2S ribosomal RNA:CR45843,FBgn0267503,NR_133561,26067171,NA
346,FBgn0267512,362.867640144647,1.39213850792553,0.257886659107631,5.39825717523648,6.72913639396116e-08,4.02813581360731e-06,1,5.8SrRNA:CR45852,5.8S ribosomal RNA:CR45852,FBgn0267512,NR_133551,26067180,NA
347,FBgn0267522,175.335940976731,-1.16255600732612,0.390536723781346,-2.97681610085153,0.00291258658638861,0.0302597083269574,-1,NA,NA,FBgn0267522,NA,NA,NA
348,FBgn0267550,6.45532445855834,4.20402696629207,1.50288473650639,2.79730498565363,0.0051530864997929,0.0458880223431971,1,asRNA:CR45890,antisense RNA:CR45890,FBgn0267550,NR_133248,26067218,NA
349,FBgn0267866,159.192177239304,1.65263087064864,0.477626096391974,3.46009333060474,0.000539988192984581,0.00826277791158656,1,NA,NA,FBgn0267866,NA,NA,NA
350,FBgn0267867,133.026366463507,1.64029822205833,0.478508538130711,3.42793929752256,0.000608181433374504,0.00904923582684965,1,NA,NA,FBgn0267867,NA,NA,NA
351,FBgn0267910,5379.76310582461,1.16673498230491,0.23966375402784,4.86821625171313,1.12610064991467e-06,4.72742902707685e-05,1,lncRNA:CR34335,long non-coding RNA:CR34335,FBgn0267910,NR_047748,12798102,NA
352,FBgn0267923,41.0027110819511,-1.01710501641192,0.299067871041825,-3.40091703220664,0.000671602081874617,0.00971343950630738,-1,lncRNA:CR46204,long non-coding RNA:CR46204,FBgn0267923,NR_133085,26067515,NA
353,FBgn0267985,41.6612201103444,-1.53651575339478,0.348417998860484,-4.40997812518302,1.03381061637191e-05,0.000320555665939779,-1,lncRNA:CR46252,long non-coding RNA:CR46252,FBgn0267985,NR_133315,26067562,NA
354,FBgn0267987,32.9870674017855,-1.14716116244272,0.30408008276605,-3.77256264865369,0.000161579376958952,0.00312757686239409,-1,lncRNA:CR46254,long non-coding RNA:CR46254,FBgn0267987,NR_133057,26067564,NA
355,FBgn0283437,1003.06265419757,-2.2237799982845,0.648331038570975,-3.43000699640428,0.000603565686186637,0.00899518268466931,-1,PPO1,Prophenoloxidase 1,FBgn0283437,NM_057464,37044,GO:0004097|GO:0004503|GO:0005576|GO:0009611|GO:0035006|GO:0035006|GO:0035314|GO:0042060|GO:0042381|GO:0042417|GO:0050830|GO:0050830|GO:0050832|GO:0050832
356,FBgn0283461,7654.85222434485,3.31662924951125,1.06796274472757,3.10556643093136,0.00189914956035295,0.0221624583171152,1,Drs,Drosomycin,FBgn0283461,NM_079177,38419,GO:0003674|GO:0005615|GO:0006952|GO:0009611|GO:0009617|GO:0009617|GO:0019731|GO:0019732|GO:0019732|GO:0019732|GO:0042832|GO:0050829|GO:0050832|GO:0050832|GO:0061844
357,FBgn0013813,112.545513569399,-1.74081274808396,0.218333017897916,-7.97319967838256,1.54618053574459e-15,4.95855395924661e-13,-1,Dhc98D,Dynein heavy chain at 89D,FBgn0013813,NM_001170288,43379,GO:0005524|GO:0007018|GO:0008569|GO:0030286|GO:0030317|GO:0036126|GO:0045505|GO:0051959
358,FBgn0014033,875.923916219581,-1.06745187201223,0.380062929376696,-2.80861875627504,0.00497545281263195,0.0447998641137403,-1,Sr-CI,Scavenger receptor class C, type I,FBgn0014033,NM_001298670,33621,GO:0005044|GO:0005044|GO:0005887|GO:0006897|GO:0006909|GO:0006955|GO:0009617|GO:0030247|GO:0050829
359,FBgn0014454,2553.00050618818,4.29729782506618,1.05060084112531,4.09032399066359,4.30771012089252e-05,0.00108999396992447,1,Acp1,Adult cuticle protein 1,FBgn0014454,NM_057767,34052,GO:0008012|GO:0008365
360,FBgn0014464,64.0773067670155,1.15134784162393,0.370084568058689,3.11103985681821,0.00186429774430662,0.0218543697496687,1,Cp7Fa,Chorion protein a at 7F,FBgn0014464,NM_001038748,3885650,GO:0003674|GO:0007304|GO:0007304|GO:0042600|GO:0042600
361,FBgn0014465,43.3137409345193,1.10261521175716,0.33120606985935,3.32909119759006,0.000871298692768589,0.0120362095058738,1,Cp7Fb,Chorion protein b at 7F,FBgn0014465,NM_001201634,31785,GO:0007304|GO:0007304|GO:0042600|GO:0042600
362,FBgn0014859,861.06631662321,1.15690888730497,0.342723494183529,3.37563343902371,0.000736459689455927,0.0104642019611705,1,Hr38,Hormone receptor-like in 38,FBgn0014859,NM_001169553,35332,GO:0000977|GO:0000978|GO:0000981|GO:0004879|GO:0005634|GO:0005634|GO:0005667|GO:0006357|GO:0008270|GO:0035259|GO:0042335|GO:0045944|GO:0048082|GO:0071376
363,FBgn0014865,2322.6159221632,3.68673702859667,0.807822863388862,4.56379386581188,5.02374068745193e-06,0.000174615502926757,1,Mtk,Metchnikowin,FBgn0014865,NM_079028,36708,GO:0005576|GO:0006952|GO:0009611|GO:0009617|GO:0009617|GO:0019731|GO:0019732|GO:0019732|GO:0050829|GO:0050830|GO:0050832
364,FBgn0014949,11.2167282506943,1.5907136526265,0.493432517900095,3.22377142754213,0.00126514338268599,0.0159905219336558,1,btn,buttonless,FBgn0014949,NM_170026,42664,GO:0000978|GO:0000981|GO:0005634|GO:0006357|GO:0045944
365,FBgn0015270,39.4710863525006,1.06296960086541,0.294736723687371,3.60650545193992,0.000310348341237584,0.00531497225457213,1,Orc2,Origin recognition complex subunit 2,FBgn0015270,NM_169563,41703,GO:0000792|GO:0003682|GO:0003688|GO:0005515|GO:0005634|GO:0005664|GO:0005664|GO:0005664|GO:0005723|GO:0006260|GO:0006261|GO:0006270|GO:0006270|GO:0007052|GO:0007076|GO:0007307|GO:0030261
366,FBgn0016726,16255.6353803794,1.30446273486462,0.177418992658355,7.35244133291042,1.94618964378621e-13,3.8097959655594e-11,1,RpL29,Ribosomal protein L29,FBgn0016726,NM_057855,37430,GO:0002181|GO:0002181|GO:0002181|GO:0003682|GO:0003735|GO:0003735|GO:0003735|GO:0022625|GO:0022625|GO:0022626
367,FBgn0020399,20.8800612511498,1.04706022792804,0.373997299981968,2.79964648936911,0.00511585982395701,0.0457455515378729,1,Mst89B,Mst89B,FBgn0020399,NM_142272,41972,GO:0003674|GO:0005737|GO:0007283
368,FBgn0020506,71.9909552975424,1.50391721406613,0.201133991078501,7.47719073241662,7.59281788263336e-14,1.58346992294273e-11,1,Amyrel,amyrel,FBgn0020506,NM_057914,36863,GO:0004134|GO:0004556|GO:0004556|GO:0005615|GO:0005975|GO:0005975|GO:0016160|GO:0043169
369,FBgn0020508,10.0581070728734,2.85355179125632,0.863594225691277,3.30427382023328,0.000952227772787225,0.0129195226675119,1,Ag5r2,Antigen 5-related 2,FBgn0020508,NM_079950,44079,GO:0003674|GO:0005576|GO:0005615|GO:0032504
370,FBgn0022740,7.47648297037287,3.36157188035039,1.04996565798267,3.20160174267897,0.00136665802705913,0.016991238740264,1,HLH54F,HLH54F,FBgn0022740,NM_057954,37027,GO:0000977|GO:0000981|GO:0000981|GO:0005634|GO:0006357|GO:0007522|GO:0032502|GO:0045944|GO:0046982
371,FBgn0023129,8405.43086252198,1.13914310351357,0.325122213563759,3.50373815134651,0.000458776228953284,0.00726957921613476,1,aay,astray,FBgn0023129,NM_079277,39085,GO:0000287|GO:0000287|GO:0005737|GO:0006563|GO:0006564|GO:0016311|GO:0036424|GO:0048149
372,FBgn0023170,5887.73175326748,1.04013180881053,0.165574890190831,6.28194170995218,3.3437022458688e-10,3.25068195782583e-08,1,RpL39,Ribosomal protein L39,FBgn0023170,NM_057966,37849,GO:0002181|GO:0003735|GO:0003735|GO:0006412|GO:0022625|GO:0022625
373,FBgn0023197,22.9947122159044,1.5806743174211,0.331410888696365,4.76953042683307,1.8465585178656e-06,7.30152955229426e-05,1,Jon74E,Jonah 74E,FBgn0023197,NM_001202197,39959,GO:0004252|GO:0004252|GO:0006508|GO:0006508|GO:0017171
374,FBgn0023495,54.8715486775585,1.53643440016401,0.335713383848091,4.57662540156351,4.72536498035668e-06,0.000166056840608951,1,Lip3,Lip3,FBgn0023495,NM_057983,41643,GO:0004806|GO:0016042
375,FBgn0025739,23.0896182756429,-1.11094109903412,0.340299047024165,-3.264602439381,0.00109617816534496,0.0142734981650658,-1,pon,partner of numb,FBgn0025739,NM_080333,31394,GO:0005737|GO:0005938|GO:0035050|GO:0045178|GO:0055059
376,FBgn0026741,1102.46161621355,1.42882498377562,0.187470701582448,7.62159084974268,2.50568188399243e-14,5.683941536846e-12,1,mRpL18,mitochondrial ribosomal protein L18,FBgn0026741,NM_136974,36406,GO:0003735|GO:0003735|GO:0005739|GO:0005762|GO:0005762|GO:0006412|GO:0008097|GO:0008097|GO:0032543|GO:0035928
377,FBgn0026879,1704.1123826073,1.00508423308829,0.149850394259982,6.7072511757595,1.98324729513819e-11,2.61667219654457e-09,1,CG13364,uncharacterized protein,FBgn0026879,NM_144243,50364,NA
378,FBgn0027259,146.709900573316,1.04200544656245,0.243140853237586,4.28560413722101,1.82243253749606e-05,0.000524811864361338,1,Kmn1,kinetochore Mis12-Ndc80 network component 1,FBgn0027259,NM_001316625,32102,GO:0000776|GO:0007059|GO:0007079|GO:0007080|GO:0031262|GO:0031617|GO:0051726
379,FBgn0027600,59.3010898043261,2.52079866983818,0.610151569824423,4.13143027815788,3.60513042354028e-05,0.000927609248780663,1,obst-B,obstructor-B,FBgn0027600,NM_135495,34336,GO:0005576|GO:0008061|GO:0062129
380,FBgn0027929,767.18353785518,1.25900676817967,0.240350450522823,5.23821264092082,1.62139186701754e-07,8.35984631779151e-06,1,NimB1,Nimrod B1,FBgn0027929,NM_001273523,34813,GO:0003674|GO:0005576
381,FBgn0028855,695.714192624091,1.12343606099156,0.307181380238675,3.65724009742604,0.000254945552135811,0.00454055921365846,1,CG15282,uncharacterized protein,FBgn0028855,NM_001201882,34853,GO:0003674|GO:0005575|GO:0008150
382,FBgn0029147,871.213624068103,-1.26575700329041,0.323005813355935,-3.91868180370988,8.90345602758535e-05,0.00194791347608593,-1,NtR,NtR,FBgn0029147,NM_001259528,43935,GO:0004888|GO:0005231|GO:0005887|GO:0007165|GO:0007268|GO:0030594|GO:0034220|GO:0042391|GO:0043005|GO:0045202|GO:0050877|GO:1904315
383,FBgn0029167,6186.89530731059,-1.84805706817762,0.529429379917897,-3.49065831681689,0.000481832041995961,0.00756078677549488,-1,Hml,Hemolectin,FBgn0029167,NM_001274880,39529,GO:0005576|GO:0005615|GO:0007599|GO:0007599|GO:0008061|GO:0031012|GO:0042060|GO:0042381|GO:0042803
384,FBgn0029568,7.43273373947624,4.99458478356921,1.70484949961423,2.92963383847042,0.00339361634151274,0.0338576074812961,1,CG11381,uncharacterized protein,FBgn0029568,NM_130538,31067,GO:0042600
385,FBgn0029697,17.8984860143826,3.22927328628316,1.02748172957,3.14290093278312,0.00167282445639206,0.0201205769499063,1,CG15570,uncharacterized protein,FBgn0029697,NM_131926,31366,GO:0042600
386,FBgn0029707,10.9260491875373,2.78798240529573,0.819140898119714,3.40354438619213,0.00066517604936807,0.00964682756292469,1,CG12688,uncharacterized protein,FBgn0029707,NM_001258597,31378,NA
387,FBgn0029836,55.9068372276552,1.19340973192939,0.423599317830863,2.81730796461268,0.00484280652760412,0.0439729553384278,1,CG5928,uncharacterized protein,FBgn0029836,NM_001038745,31539,GO:0003674|GO:0005575|GO:0008150
388,FBgn0029968,5.8626704338243,2.67413424495334,0.896961210329126,2.98132652132426,0.00287002602465186,0.0299753121960812,1,Ir7g,Ionotropic receptor 7g,FBgn0029968,NM_001382032,31694,GO:0009593|GO:0015276|GO:0016021
389,FBgn0030001,92.1904037281418,1.15460270474977,0.352982829435264,3.27098829877084,0.00107172344741304,0.0140115107937822,1,cyr,cypher,FBgn0030001,NM_001298075,31733,GO:0003382|GO:0003674|GO:0016021
390,FBgn0030005,54.2861125666175,1.4249514353401,0.294662324684094,4.83587929630224,1.32558345362506e-06,5.42398546056078e-05,1,CG2120,uncharacterized protein,FBgn0030005,NM_132218,31737,GO:0000122|GO:0000977|GO:0000981|GO:0001227|GO:0005634|GO:0005634|GO:0006357|GO:0043565
391,FBgn0030041,7425.70316208604,1.21759761248408,0.342217272035927,3.55796656679634,0.000373736868888316,0.00618683178549933,1,CG12116,uncharacterized protein,FBgn0030041,NM_132253,31782,GO:0004757|GO:0006729
392,FBgn0030078,419.851886554783,1.25806027055947,0.135888813700063,9.25801201956396,2.08273710261837e-20,1.68311192105347e-17,1,CG10970,uncharacterized protein,FBgn0030078,NM_001298103,31830,GO:0005575|GO:0008150
393,FBgn0030108,82.5623082268741,1.83991811054731,0.205978447804868,8.9325758600256,4.16202801691205e-19,2.16236548505642e-16,1,Gr8a,Gustatory receptor 8a,FBgn0030108,NM_078542,31865,GO:0007635|GO:0008527|GO:0016021|GO:0016021|GO:0017085|GO:0030424|GO:0030425|GO:0043025|GO:0050909|GO:0050909|GO:0050912|GO:1901354
394,FBgn0030187,43.0367560614776,1.0254782959149,0.323396907586721,3.17095888011827,0.00151936648789746,0.018586006327828,1,Ipod,Interaction partner of Dnmt2,FBgn0030187,NM_001298152,31954,GO:0003674|GO:0005575
395,FBgn0030326,112.720404432434,1.38081620604928,0.220610274045179,6.25907479615618,3.87268110531579e-10,3.70916790309135e-08,1,CG2444,uncharacterized protein,FBgn0030326,NM_001298206,32121,GO:0005615
396,FBgn0030351,279.486441662023,1.10912978752685,0.172384900273596,6.4340309723562,1.24263521028681e-10,1.327873823885e-08,1,CG1840,uncharacterized protein,FBgn0030351,NM_001272545,32150,GO:0005789|GO:0005794|GO:0006816|GO:0032469
397,FBgn0030362,6866.67886952065,-1.13832532741824,0.385296700181392,-2.95441234477827,0.00313265131045647,0.0320059203437122,-1,regucalcin,regucalcin,FBgn0030362,NM_132547,32165,GO:0004341|GO:0005509|GO:0005576|GO:0005615|GO:0017171|GO:0019853|GO:0019953
398,FBgn0030409,23.7889569991147,1.05350621928311,0.334208080169821,3.15224640513715,0.00162019487607697,0.0196074316690554,1,CG15728,uncharacterized protein,FBgn0030409,NM_001258714,32214,GO:0003674|GO:0005575|GO:0008150
399,FBgn0030551,50.0747184832193,1.78450191564632,0.262462741224779,6.79906758315091,1.05298415863138e-11,1.49616320561579e-09,1,CG11674,uncharacterized protein,FBgn0030551,NM_132720,32374,NA
400,FBgn0030587,56.9096674005421,1.07204052688099,0.287552568814088,3.728154929383,0.000192886790463317,0.00366229985417134,1,CG9522,uncharacterized protein,FBgn0030587,NM_139271,32413,GO:0016491|GO:0016491|GO:0016614|GO:0045455|GO:0045455|GO:0050660
401,FBgn0030597,7.05695087982204,-1.7128273972377,0.604429705691603,-2.83379089596174,0.00459994205251232,0.0425087315148694,-1,Eo,Ecdysone oxidase,FBgn0030597,NM_132758,32423,GO:0008205|GO:0016491|GO:0047875|GO:0047875|GO:0050660
402,FBgn0030598,12.2794772851345,-1.61899153738718,0.492509162795977,-3.28723130387291,0.00101177692030151,0.013472992357877,-1,CG9503,uncharacterized protein,FBgn0030598,NM_132759,32424,GO:0016491|GO:0016491|GO:0016614|GO:0045455|GO:0045455|GO:0050660
403,FBgn0030830,127.372919403017,2.74919590595524,0.606502332711765,4.53286946756356,5.81877756562033e-06,0.000195420243957067,1,CG5172,uncharacterized protein,FBgn0030830,NM_132976,32711,NA
404,FBgn0030859,285.891158090792,1.34885598853238,0.118366570978162,11.3955821933985,4.39879740145173e-30,1.13752900801542e-26,1,CG12990,uncharacterized protein,FBgn0030859,NM_133005,32747,GO:0016747
405,FBgn0030899,10.4516120094331,1.71190700479887,0.528888602041933,3.23680071415708,0.00120877794005965,0.0154137068688079,1,Hesr,HES-related,FBgn0030899,NM_080355,32800,GO:0003677|GO:0006355|GO:0046983
406,FBgn0030955,93.6603365169905,1.02470659641478,0.246102828704205,4.16373351663661,3.13085503902294e-05,0.000824479748565511,1,CG6891,uncharacterized protein,FBgn0030955,NM_001272760,32865,GO:0005884|GO:0005886|GO:0030833|GO:0030864|GO:0051015
407,FBgn0031045,131.106710585824,1.03232386710074,0.154574426647045,6.67849067593791,2.41415582431841e-11,3.03058590373175e-09,1,CG14212,uncharacterized protein,FBgn0031045,NM_134489,32964,GO:0005575|GO:0008150|GO:0016791
408,FBgn0031070,178.333745574568,1.11143300158772,0.210584721920034,5.27784253033213,1.30713715021873e-07,7.04220139680342e-06,1,CG12702,uncharacterized protein,FBgn0031070,NM_001272806,32993,NA
409,FBgn0031142,51.9452328447959,1.11429225688887,0.36337318333509,3.06652308973861,0.00216564081391429,0.0242859806798888,1,r-cup,ryder cup,FBgn0031142,NM_134575,33075,NA
410,FBgn0031426,125.885730717382,1.67376052968316,0.214325514662764,7.80943198627928,5.74462877807262e-15,1.51587857347916e-12,1,CG18641,uncharacterized protein,FBgn0031426,NM_134838,33429,GO:0004806|GO:0005615|GO:0016042|GO:0016298
411,FBgn0031470,5.92486692637444,4.08028224989041,1.2281792527601,3.32222046636984,0.000893041019354888,0.0122190691854589,1,CG18557,uncharacterized protein,FBgn0031470,NM_134877,33483,GO:0005615|GO:0006508
412,FBgn0031472,9.70051854740569,2.79902464700383,0.614242331636764,4.55687357063996,5.19206546631678e-06,0.000177830678668553,1,CG2983,uncharacterized protein,FBgn0031472,NM_134879,33485,GO:0016020|GO:0016263|GO:0016267
413,FBgn0031559,38.4945548636408,2.32014619547389,0.610008931900928,3.80346266118396,0.000142687508835808,0.00284263363611336,1,CG3513,uncharacterized protein,FBgn0031559,NM_134954,33590,GO:0004867|GO:0005615|GO:0030512|GO:0048019|GO:0050431
414,FBgn0031560,1688.13271218604,1.91187535274622,0.414290468463251,4.61481858329504,3.93438833397993e-06,0.00014295903480513,1,CG16713,uncharacterized protein,FBgn0031560,NM_134955,33591,GO:0004867|GO:0005615|GO:0030512|GO:0048019|GO:0050431
415,FBgn0031561,14904.3746913202,1.36369239968581,0.338467279467772,4.02902284034715,5.60091769951456e-05,0.00131912323961245,1,IM33,Immune induced molecule 33,FBgn0031561,NM_001298665,33592,GO:0004867|GO:0005615|GO:0009617
416,FBgn0031580,79.6383195171294,-1.75562332576033,0.335167425654247,-5.23804878213732,1.62283172913045e-07,8.35984631779151e-06,-1,CG15423,uncharacterized protein,FBgn0031580,NM_134971,33616,NA
417,FBgn0031678,304.186173934334,1.06307416996105,0.168730409355987,6.30043021894279,2.96820619245722e-10,2.92968748614289e-08,1,Nepl3,Neprilysin-like 3,FBgn0031678,NM_135060,326172,GO:0004222|GO:0006508
418,FBgn0031707,150.862213302343,1.12319106320561,0.20351726425761,5.51889819914189,3.41131731139194e-08,2.16217317824989e-06,1,CG14020,uncharacterized protein,FBgn0031707,NM_001273168,33771,GO:0032880|GO:0035869|GO:0060170|GO:0060271
419,FBgn0031756,23.2622317628636,3.24426187227838,0.728463959835276,4.45356538024474,8.44559746533997e-06,0.000268308538640899,1,CG13992,uncharacterized protein,FBgn0031756,NM_001201774,33831,NA
420,FBgn0031758,41.133758497637,1.65569475282292,0.505548533002906,3.27504610287021,0.00105644731317936,0.0138819753652532,1,Ucp4B,Uncoupling protein 4B,FBgn0031758,NM_001258975,33833,GO:0006839|GO:0009409|GO:0022857|GO:0031966
