,gene1,gene2,cn_reg,cn_0.99,cn_0.95,cn_0.9,jac_reg,jac_0.99,jac_0.95,jac_0.9,hpi_reg,hpi_0.99,hpi_0.95,hpi_0.9
0,FBgn0031878,FBgn0032520,0.0,0.0,0.4372093023255814,0.6498855835240275,0.0,0.0,0.6581984517945109,0.8617581436858545,0.0,0.0,0.800674507090972,0.9273655849117304
1,FBgn0032471,FBgn0033285,0.15384615384615385,0.15384615384615385,0.49767441860465117,0.7368421052631579,0.27272727272727276,0.27272727272727276,0.5904225820763088,0.8360442917143949,0.8205128205128205,0.8205128205128205,0.986659801535293,0.9993655161869817
2,FBgn0002865,FBgn0034132,0.15384615384615385,0.15384615384615385,0.7488372093023256,0.7414187643020596,0.09375,0.09375,0.7602990033222591,0.8680851063829786,0.2735042735042735,0.2735042735042735,0.8700076804915515,0.9695522388059702
3,FBgn0033969,FBgn0034144,0.07692307692307693,0.07692307692307693,0.7627906976744186,0.8123569794050344,0.1,0.1,0.6966954145675006,0.8659313066092726,0.1758241758241758,0.1758241758241758,0.9107001916788815,0.9696908534329062
4,FBgn0033330,FBgn0034173,0.15384615384615385,0.15384615384615385,0.4883720930232558,0.5720823798627003,0.23076923076923078,0.23076923076923078,0.6621561668145519,0.7631874298540965,0.6153846153846154,0.6153846153846154,0.9422831632653061,0.9828128782377149
5,FBgn0032520,FBgn0034467,0.07692307692307693,0.07692307692307693,0.4511627906976744,0.5995423340961098,0.1875,0.1875,0.6745526977914453,0.8222452982577593,0.41025641025641024,0.41025641025641024,0.8057429583403609,0.9585653780300983
6,FBgn0033330,FBgn0034472,0.3076923076923077,0.3076923076923077,0.6232558139534884,0.7093821510297483,0.23076923076923078,0.23076923076923078,0.6871263656977943,0.8603203754718906,0.44755244755244755,0.44755244755244755,0.8745693082427776,0.956201329534663
7,FBgn0000182,FBgn0034840,0.0,0.0,0.5069767441860465,0.597254004576659,0.0,0.0,0.7004327047274606,0.8564603691639523,0.0,0.0,0.8907001825120293,0.9445647813878861
8,FBgn0033512,FBgn0034840,0.23076923076923078,0.23076923076923078,0.6093023255813953,0.6430205949656751,0.26470588235294124,0.26470588235294124,0.7112572301647931,0.8301509720864559,0.5274725274725275,0.5274725274725275,0.9143636621315193,0.968020024606508
9,FBgn0033969,FBgn0034907,0.15384615384615385,0.15384615384615385,0.772093023255814,0.8100686498855835,0.23076923076923078,0.23076923076923078,0.696449654241862,0.871936973648465,0.3516483516483516,0.3516483516483516,0.8970265525565064,0.9803151217515859
10,FBgn0002865,FBgn0035198,1.0,1.0,0.7209302325581395,0.6933638443935927,0.6964285714285715,0.6964285714285715,0.8282760472610096,0.8951449983708047,1.0,1.0,0.9798164548838404,0.9830037156897999
11,FBgn0033512,FBgn0035198,0.5384615384615384,0.5384615384615384,0.6186046511627907,0.6704805491990846,0.4772727272727273,0.4772727272727273,0.6751785714285714,0.8506350731134593,0.6627218934911242,0.6627218934911242,0.8407457322551662,0.950561348835351
12,FBgn0034840,FBgn0035198,0.15384615384615385,0.15384615384615385,0.5581395348837209,0.6247139588100686,0.14285714285714285,0.14285714285714285,0.665774506523921,0.8410465511382942,0.3516483516483516,0.3516483516483516,0.8375850340136055,0.9404607356497391
13,FBgn0035197,FBgn0035198,1.0,1.0,0.7255813953488373,0.700228832951945,0.8125,0.8125,0.9484296712697055,0.9724500525762355,1.0,1.0,0.9861378513669619,0.9927364257461345
14,FBgn0034173,FBgn0035776,0.0,0.0,0.29767441860465116,0.5034324942791762,0.0,0.0,0.5282893645262984,0.8269762299613046,0.0,0.0,0.857687074829932,0.9465373814443915
15,FBgn0032464,FBgn0035786,0.15384615384615385,0.15384615384615385,0.8093023255813954,0.8787185354691075,0.30000000000000004,0.30000000000000004,0.6768707482993197,0.873238023576624,0.49230769230769234,0.49230769230769234,0.8877551020408163,0.9481481481481482
16,FBgn0034816,FBgn0035786,0.15384615384615385,0.15384615384615385,0.7906976744186046,0.8924485125858124,0.375,0.375,0.6208706504184407,0.8634920634920634,0.49230769230769234,0.49230769230769234,0.8673469387755103,0.962962962962963
17,FBgn0033330,FBgn0035924,0.07692307692307693,0.07692307692307693,0.6837209302325581,0.7391304347826086,0.11538461538461539,0.11538461538461539,0.7007042253521126,0.8155202821869488,0.41025641025641024,0.41025641025641024,0.9594155844155845,0.9963000949667616
18,FBgn0032065,FBgn0035971,0.46153846153846156,0.46153846153846156,0.7395348837209302,0.9267734553775744,0.9,0.9,0.9120546523694224,0.9645390070921986,0.9230769230769231,0.9230769230769231,0.9864890400604687,0.9926650366748166
19,FBgn0035161,FBgn0035971,0.07692307692307693,0.07692307692307693,0.4418604651162791,0.8192219679633868,0.13636363636363638,0.13636363636363638,0.4971859877971807,0.8068274090645455,0.3076923076923077,0.3076923076923077,0.7518479832878033,0.906272602568899
20,FBgn0034472,FBgn0036311,0.23076923076923078,0.23076923076923078,0.5395348837209303,0.6338672768878718,0.20454545454545453,0.20454545454545453,0.6366243794815224,0.7905151610534046,0.6153846153846154,0.6153846153846154,0.9479011116641779,0.9846948603449787
21,FBgn0032072,FBgn0036426,0.0,0.0,0.3302325581395349,0.5675057208237986,0.0,0.0,0.6800635348479014,0.8164609053497942,0.0,0.0,0.9389769065520945,0.9865569272976681
22,FBgn0035316,FBgn0036426,0.0,0.0,0.14418604651162792,0.3707093821510298,0.0,0.0,0.3838352414136386,0.6350194552529183,0.0,0.0,0.8421125206839493,0.9724550898203593
23,FBgn0033512,FBgn0036784,0.07692307692307693,0.07692307692307693,0.7441860465116279,0.7391304347826086,0.07142857142857142,0.07142857142857142,0.6825587377808267,0.8014595876664842,0.13675213675213674,0.13675213675213674,0.9242317616701853,0.9782402745141919
24,FBgn0035008,FBgn0037486,0.0,0.0,0.4372093023255814,0.6933638443935927,0.0,0.0,0.7122296679865976,0.877139208173691,0.0,0.0,0.8435677842565598,0.9403967434927187
25,FBgn0037454,FBgn0038208,0.0,0.0,0.2558139534883721,0.5446224256292906,0.0,0.0,0.5878088077336198,0.7587435536802626,0.0,0.0,0.921343537414966,0.9659419203278853
26,FBgn0034144,FBgn0038281,0.07692307692307693,0.07692307692307693,0.6186046511627907,0.7597254004576659,0.13636363636363638,0.13636363636363638,0.6889577259475219,0.8871598388839768,0.41025641025641024,0.41025641025641024,0.9032335907335908,0.9731571727673092
27,FBgn0034816,FBgn0038423,0.0,0.0,0.9162790697674419,0.9702517162471396,0.0,0.0,0.6969174429353623,0.9245470578803912,0.0,0.0,0.8498073048962074,0.9682162040552322
28,FBgn0032588,FBgn0038709,0.0,0.0,0.39069767441860465,0.7391304347826086,0.0,0.0,0.6180124223602484,0.8451755651755651,0.0,0.0,0.8359264497878359,0.9225000879321867
29,FBgn0033512,FBgn0039071,0.5384615384615384,0.5384615384615384,0.6837209302325581,0.6979405034324943,0.5526315789473685,0.5526315789473685,0.8024193548387096,0.8984188867229803,0.6627218934911242,0.6627218934911242,0.929245283018868,0.967573058290358
30,FBgn0034840,FBgn0039071,0.23076923076923078,0.23076923076923078,0.5488372093023256,0.6430205949656751,0.26470588235294124,0.26470588235294124,0.6476006618863762,0.8683481027039309,0.5274725274725275,0.5274725274725275,0.823625283446712,0.968020024606508
31,FBgn0034459,FBgn0003187,0.0,0.0,0.5162790697674419,0.8283752860411899,0.0,0.0,0.6708272594752186,0.9026769343601027,0.0,0.0,0.8143527483986296,0.9677168724279837
32,FBgn0032457,FBgn0004171,0.23076923076923078,0.23076923076923078,1.0,0.9061784897025171,0.20454545454545453,0.20454545454545453,0.7909087548062703,0.925599381283836,0.3356643356643356,0.3356643356643356,0.8892878138909884,0.9729847494553377
33,FBgn0033286,FBgn0004171,0.6153846153846154,0.6153846153846154,0.7813953488372093,0.8352402745995423,0.75,0.75,0.6741953698475438,0.8860330209727799,0.9846153846153847,0.9846153846153847,0.9486356340288924,0.9836054692685517
34,FBgn0033969,FBgn0004171,0.23076923076923078,0.23076923076923078,0.9441860465116279,0.8832951945080092,0.25,0.25,0.7866684841875682,0.9192890289817003,0.5274725274725275,0.5274725274725275,0.9190797940797941,0.9649702903235738
35,FBgn0032090,FBgn0004172,0.07692307692307693,0.07692307692307693,0.3581395348837209,0.6727688787185355,0.30000000000000004,0.30000000000000004,0.4625950972104818,0.7653172552397358,0.6153846153846154,0.6153846153846154,0.9105042016806723,0.9890131742480737
36,FBgn0033512,FBgn0004175,0.23076923076923078,0.23076923076923078,0.6790697674418604,0.7185354691075515,0.21428571428571427,0.21428571428571427,0.6992202541393915,0.8435358024691358,0.3356643356643356,0.3356643356643356,0.8433614825240441,0.9509828055648801
37,FBgn0039190,FBgn0004175,0.23076923076923078,0.23076923076923078,0.7302325581395349,0.7505720823798627,0.23684210526315788,0.23684210526315788,0.7663608712715855,0.8835016835016835,0.3356643356643356,0.3356643356643356,0.8718288420340512,0.9558426643697963
38,FBgn0038355,FBgn0039792,0.15384615384615385,0.15384615384615385,0.7348837209302326,0.8947368421052632,0.6000000000000001,0.6000000000000001,0.7825286212045793,0.9445954347633005,0.8205128205128205,0.8205128205128205,0.9232914095870907,0.9750383883053867
39,FBgn0039707,FBgn0039792,0.07692307692307693,0.07692307692307693,0.7302325581395349,0.8924485125858124,0.1875,0.1875,0.7116208090379008,0.907364639466256,0.41025641025641024,0.41025641025641024,0.8305316863587541,0.962962962962963
40,FBgn0035198,FBgn0040519,0.38461538461538464,0.38461538461538464,0.5674418604651162,0.6567505720823799,0.32608695652173914,0.32608695652173914,0.6695532266960839,0.8656464848081614,0.5128205128205129,0.5128205128205129,0.8285300606729179,0.9310959287226817
41,FBgn0034646,FBgn0040575,0.0,0.0,0.06046511627906977,0.09610983981693363,0.0,0.0,0.5499574829931972,0.7692929292929293,0.0,0.0,0.7259070294784581,0.8958234830575256
42,FBgn0035197,FBgn0040963,0.6153846153846154,0.6153846153846154,0.6604651162790698,0.6910755148741419,0.41379310344827586,0.41379310344827586,0.7281488352916924,0.8358160358160358,0.6153846153846154,0.6153846153846154,0.8702712792434046,0.9641582134151137
43,FBgn0004175,FBgn0040963,0.38461538461538464,0.38461538461538464,0.7534883720930232,0.7711670480549199,0.34090909090909094,0.34090909090909094,0.8307050092764379,0.9101777380597756,0.5594405594405594,0.5594405594405594,0.9251507421150278,0.959750280583614
44,FBgn0039088,FBgn0040996,0.0,0.0,0.7116279069767442,0.8878718535469108,0.0,0.0,0.7158609987773911,0.9111283777950444,0.0,0.0,0.9671736619175972,0.9872031083537006
45,FBgn0038694,FBgn0046294,0.0,0.0,0.5209302325581395,0.6247139588100686,0.0,0.0,0.63884430176565,0.8160896801846357,0.0,0.0,0.9459783913565426,0.9844391153743672
46,FBgn0004172,FBgn0047351,0.15384615384615385,0.15384615384615385,0.6837209302325581,0.8558352402745996,0.27272727272727276,0.27272727272727276,0.6192946058091287,0.8661387824606215,0.6153846153846154,0.6153846153846154,0.9177018633540373,0.9789124198175547
47,FBgn0033860,FBgn0050039,0.15384615384615385,0.15384615384615385,0.5255813953488372,0.6979405034324943,0.5,0.5,0.7498666133119914,0.8395061728395062,0.6153846153846154,0.6153846153846154,0.930955168952827,0.9799778410889523
48,FBgn0050364,FBgn0050365,0.07692307692307693,0.07692307692307693,0.35348837209302325,0.7345537757437071,0.375,0.375,0.9767501937483855,0.9980795610425239,0.6153846153846154,0.6153846153846154,0.9920487675589716,0.9993558776167473
49,FBgn0039373,FBgn0050369,0.0,0.0,0.48372093023255813,0.6933638443935927,0.0,0.0,0.6558499176067942,0.8479012345679012,0.0,0.0,0.9678760393046107,0.9830037156897999
50,FBgn0035005,FBgn0050378,0.0,0.0,0.49767441860465117,0.6224256292906178,0.0,0.0,0.7759839650145772,0.8671354899203001,0.0,0.0,0.9037472131709827,0.9951518428404074
51,FBgn0050461,FBgn0050462,0.0,0.0,0.018604651162790697,0.05034324942791762,0.0,0.0,0.6768707482993197,0.9234567901234567,0.0,0.0,0.8040816326530613,0.9588835212023619
52,FBgn0033862,FBgn0051007,0.0,0.0,0.11627906976744186,0.3684210526315789,0.0,0.0,0.3732743097238896,0.6097465886939571,0.0,0.0,0.8974125364431488,0.9962810547172687
53,FBgn0032969,FBgn0051010,0.07692307692307693,0.07692307692307693,0.4744186046511628,0.7116704805491991,0.21428571428571427,0.21428571428571427,0.6127883105905083,0.7774285451704805,0.41025641025641024,0.41025641025641024,0.8009406887755102,0.9306504514464714
54,FBgn0034173,FBgn0051029,0.0,0.0,0.4558139534883721,0.5697940503432495,0.0,0.0,0.6677852348993288,0.8144300144300144,0.0,0.0,0.8794642857142857,0.978881626724764
55,FBgn0045770,FBgn0051029,0.15384615384615385,0.15384615384615385,0.5627906976744186,0.6224256292906178,0.3333333333333333,0.3333333333333333,0.8531391723356009,0.8810765749672502,0.8205128205128205,0.8205128205128205,0.9355180533751962,0.9703615834102193
56,FBgn0046332,FBgn0051141,0.15384615384615385,0.15384615384615385,0.7255813953488373,0.7780320366132724,0.3333333333333333,0.3333333333333333,0.6797757729701323,0.8313556274721323,0.49230769230769234,0.49230769230769234,0.9678760393046107,0.9908125179443009
57,FBgn0035198,FBgn0051542,0.23076923076923078,0.23076923076923078,0.6372093023255814,0.6773455377574371,0.16071428571428573,0.16071428571428573,0.7025097917955061,0.8447382226419053,0.24615384615384617,0.24615384615384617,0.8660313181876524,0.9602940588916856
58,FBgn0039104,FBgn0051542,0.46153846153846156,0.46153846153846156,0.6790697674418604,0.7345537757437071,0.32142857142857145,0.32142857142857145,0.7058794946550048,0.88354584092289,0.49230769230769234,0.49230769230769234,0.8337778293135436,0.9464488017429195
59,FBgn0040963,FBgn0051542,0.5384615384615384,0.5384615384615384,0.7302325581395349,0.7574370709382151,0.43750000000000006,0.43750000000000006,0.8174515960230245,0.923689340309839,0.5743589743589743,0.5743589743589743,0.896596706864564,0.9759331880900509
60,FBgn0033861,FBgn0051730,0.07692307692307693,0.07692307692307693,0.4325581395348837,0.6750572082379863,0.21428571428571427,0.21428571428571427,0.7553877551020408,0.8639104220499568,0.3076923076923077,0.3076923076923077,0.9441867656153371,0.9923771646366725
61,FBgn0051327,FBgn0051735,0.07692307692307693,0.07692307692307693,0.4930232558139535,0.7254004576659039,0.30000000000000004,0.30000000000000004,0.672640306122449,0.8426072510505228,0.41025641025641024,0.41025641025641024,0.8523265306122448,0.926480221718317
62,FBgn0032457,FBgn0051740,0.15384615384615385,0.15384615384615385,0.8558139534883721,0.8581235697940504,0.17647058823529413,0.17647058823529413,0.6970758452634784,0.8909853249475891,0.3076923076923077,0.3076923076923077,0.90656262505002,0.9892787524366472
63,FBgn0036784,FBgn0051740,0.15384615384615385,0.15384615384615385,0.7906976744186046,0.8306636155606407,0.2,0.2,0.6690001582028159,0.8811780455153949,0.3076923076923077,0.3076923076923077,0.8375850340136055,0.9576218323586745
64,FBgn0034882,FBgn0051835,0.0,0.0,0.29767441860465116,0.551487414187643,0.0,0.0,0.7140614487553263,0.798635477582846,0.0,0.0,0.8811853508526698,0.9549211926023521
65,FBgn0038355,FBgn0051948,0.07692307692307693,0.07692307692307693,0.6604651162790698,0.8832951945080092,0.1875,0.1875,0.6583263442363246,0.8837710437710438,0.3076923076923077,0.3076923076923077,0.8297935453251069,0.9625698667158037
66,FBgn0032869,FBgn0051988,0.0,0.0,0.6837209302325581,0.7231121281464531,0.0,0.0,0.6815068493150684,0.8162583095916429,0.0,0.0,0.985,0.999306772598045
67,FBgn0033330,FBgn0052026,0.23076923076923078,0.23076923076923078,0.39069767441860465,0.5606407322654462,0.3461538461538462,0.3461538461538462,0.5264550264550264,0.7389665114216012,0.7384615384615384,0.7384615384615384,0.9177018633540373,0.9669485758724604
68,FBgn0002865,FBgn0052061,0.5384615384615384,0.5384615384615384,0.7441860465116279,0.7528604118993135,0.27631578947368424,0.27631578947368424,0.7093841903573656,0.8722027290448343,0.43076923076923074,0.43076923076923074,0.8646039060785605,0.9845144647134698
69,FBgn0039104,FBgn0052061,0.5384615384615384,0.5384615384615384,0.772093023255814,0.7803203661327232,0.328125,0.328125,0.7766857895231826,0.9040155945419103,0.45344129554655865,0.45344129554655865,0.9269274376417235,0.9851353755292277
70,FBgn0051740,FBgn0052061,0.23076923076923078,0.23076923076923078,0.7813953488372093,0.8054919908466819,0.18,0.18,0.7136879856545127,0.8821079786253916,0.46153846153846156,0.46153846153846156,0.8318085855031668,0.9435003631082063
71,FBgn0037985,FBgn0052064,0.23076923076923078,0.23076923076923078,0.6883720930232559,0.7688787185354691,0.28125,0.28125,0.6924668484905483,0.8769142199194012,0.7384615384615384,0.7384615384615384,0.8854470359572401,0.9382440936758486
72,FBgn0051029,FBgn0052064,0.0,0.0,0.5627906976744186,0.6773455377574371,0.0,0.0,0.6750112132765194,0.8169660071029934,0.0,0.0,0.9008692365835222,0.9825525304554003
73,FBgn0036162,FBgn0052240,0.07692307692307693,0.07692307692307693,0.33488372093023255,0.5423340961098398,0.375,0.375,0.5414965986394558,0.7677027509824937,0.6153846153846154,0.6153846153846154,0.8825286212045794,0.9657934357121349
74,FBgn0052298,FBgn0052299,0.0,0.0,0.10232558139534884,0.38672768878718533,0.0,0.0,0.9306972789115645,0.9956248646307125,0.0,0.0,0.961401952085182,0.9965722585330429
75,FBgn0040519,FBgn0052371,0.38461538461538464,0.38461538461538464,0.5162790697674419,0.6247139588100686,0.34090909090909094,0.34090909090909094,0.6914047827720045,0.8514619883040936,0.5128205128205129,0.5128205128205129,0.8854470359572401,0.9636411058946271
76,FBgn0046332,FBgn0052436,0.07692307692307693,0.07692307692307693,0.8697674418604651,0.8123569794050344,0.15000000000000002,0.15000000000000002,0.8113771149485435,0.87226738934056,0.24615384615384617,0.24615384615384617,0.9688354723332633,0.9968530622125394
77,FBgn0038123,FBgn0052440,0.0,0.0,0.20930232558139536,0.5881006864988558,0.0,0.0,0.3871930127983396,0.6638556505223172,0.0,0.0,0.8868547418967587,0.9577493230529166
78,FBgn0033954,FBgn0052445,0.0,0.0,0.31627906976744186,0.5148741418764302,0.0,0.0,0.7191751700680272,0.8553459119496856,0.0,0.0,0.8437893675988913,0.9598108747044918
79,FBgn0035161,FBgn0052488,0.07692307692307693,0.07692307692307693,0.4511627906976744,0.7986270022883295,0.125,0.125,0.5692756871534741,0.8176399655469422,0.3076923076923077,0.3076923076923077,0.767676361883336,0.913477097637237
80,FBgn0035915,FBgn0052548,0.15384615384615385,0.15384615384615385,0.7069767441860465,0.7986270022883295,0.5,0.5,0.8573696145124716,0.9325866981039395,0.8205128205128205,0.8205128205128205,0.9203343988197689,0.9718381344307271
81,FBgn0050039,FBgn0052591,0.07692307692307693,0.07692307692307693,0.46511627906976744,0.6361556064073226,0.16666666666666666,0.16666666666666666,0.6635987728424703,0.8590774823903657,0.3076923076923077,0.3076923076923077,0.8238541318166611,0.9544055470996111
82,FBgn0035823,FBgn0052652,0.6153846153846154,0.6153846153846154,0.627906976744186,0.6384439359267735,0.5454545454545455,0.5454545454545455,0.7743860255966792,0.8648205128205129,0.9846153846153847,0.9846153846153847,0.9692055393586007,0.9918045705279749
83,FBgn0046294,FBgn0052652,0.6153846153846154,0.6153846153846154,0.6651162790697674,0.7025171624713958,0.4444444444444444,0.4444444444444444,0.7259438775510203,0.8912797523748532,0.6564102564102564,0.6564102564102564,0.8405239288697935,0.9557702630166398
84,FBgn0050364,FBgn0053125,0.0,0.0,0.3023255813953488,0.7116704805491991,0.0,0.0,0.4782238982549541,0.8033428300094967,0.0,0.0,0.8484627617280678,0.9682232957595277
85,FBgn0051010,FBgn0053284,0.0,0.0,0.5348837209302325,0.7894736842105263,0.0,0.0,0.6345663265306122,0.858161865569273,0.0,0.0,0.8082988440131297,0.9322152341020266
86,FBgn0033322,FBgn0053340,0.0,0.0,0.8976744186046511,0.9130434782608695,0.0,0.0,0.6924172495853465,0.8814814814814814,0.0,0.0,0.8325523342384163,0.9523456790123457
87,FBgn0036784,FBgn0053340,0.23076923076923078,0.23076923076923078,0.9069767441860465,0.8810068649885584,0.30000000000000004,0.30000000000000004,0.7278849039615846,0.8957317594730989,0.41025641025641024,0.41025641025641024,0.87497722303207,0.9697251690551524
88,FBgn0032520,FBgn0061197,0.0,0.0,0.5069767441860465,0.6979405034324943,0.0,0.0,0.5589311482168625,0.7798458356833992,0.0,0.0,0.9054224995783438,0.9894921890606897
89,FBgn0032664,FBgn0083946,0.07692307692307693,0.07692307692307693,0.16279069767441862,0.33638443935926776,0.375,0.375,0.49355158730158727,0.7961768219832736,0.6153846153846154,0.6153846153846154,0.8375850340136055,0.9694931773879142
90,FBgn0085190,FBgn0085239,0.15384615384615385,0.15384615384615385,0.22325581395348837,0.459954233409611,0.6000000000000001,0.6000000000000001,0.7166866746698679,0.8727969348659004,0.8205128205128205,0.8205128205128205,0.8771799628942486,0.9459920013910624
91,FBgn0035197,FBgn0085306,0.5384615384615384,0.5384615384615384,0.6697674418604651,0.6933638443935927,0.35000000000000003,0.35000000000000003,0.7421526986429089,0.8671717171717171,0.5384615384615384,0.5384615384615384,0.8825286212045794,0.9673507902807267
92,FBgn0035198,FBgn0085306,0.38461538461538464,0.38461538461538464,0.6465116279069767,0.6819221967963387,0.2777777777777778,0.2777777777777778,0.7163835077178079,0.8528619528619528,0.38461538461538464,0.38461538461538464,0.8786741111538956,0.9667825322625755
93,FBgn0036311,FBgn0085306,0.23076923076923078,0.23076923076923078,0.5302325581395348,0.6292906178489702,0.23684210526315788,0.23684210526315788,0.6222843976300197,0.7960834397616007,0.6153846153846154,0.6153846153846154,0.9315579890492783,0.9775851501619823
94,FBgn0040371,FBgn0085306,0.23076923076923078,0.23076923076923078,0.5488372093023256,0.6590389016018307,0.26470588235294124,0.26470588235294124,0.6476006618863762,0.8289523809523809,0.9230769230769231,0.9230769230769231,0.9412860382248137,0.9720912832023944
95,FBgn0035971,FBgn0085692,0.38461538461538464,0.38461538461538464,0.6651162790697674,0.897025171624714,0.6250000000000001,0.6250000000000001,0.7483957500525984,0.8975084175084175,0.7692307692307693,0.7692307692307693,0.8872197026958932,0.960801714509946
96,FBgn0040989,FBgn0250834,0.07692307692307693,0.07692307692307693,0.4558139534883721,0.7482837528604119,0.15000000000000002,0.15000000000000002,0.6503267973856208,0.8133882030178327,0.41025641025641024,0.41025641025641024,0.9752475247524752,0.9903547051583306
97,FBgn0002865,FBgn0250845,0.5384615384615384,0.5384615384615384,0.7767441860465116,0.7459954233409611,0.30000000000000004,0.30000000000000004,0.7404197486855004,0.8665298543926512,0.5067873303167421,0.5067873303167421,0.9024303269694974,0.97553712916897
98,FBgn0034472,FBgn0250845,0.5384615384615384,0.5384615384615384,0.7488372093023256,0.7665903890160183,0.36206896551724144,0.36206896551724144,0.7201069855254877,0.881152693163137,0.5067873303167421,0.5067873303167421,0.9091091492776886,0.9650205761316873
99,FBgn0038708,FBgn0250845,0.15384615384615385,0.15384615384615385,0.7395348837209302,0.7963386727688787,0.14285714285714285,0.14285714285714285,0.689887493458922,0.885297418630752,0.41025641025641024,0.41025641025641024,0.8732853797256608,0.9428628628628629
100,FBgn0004175,FBgn0250845,0.38461538461538464,0.38461538461538464,0.7255813953488373,0.7780320366132724,0.32608695652173914,0.32608695652173914,0.6654947693363059,0.8827796869033983,0.5594405594405594,0.5594405594405594,0.8521517302573203,0.952065659700669
101,FBgn0051542,FBgn0250845,0.23076923076923078,0.23076923076923078,0.7534883720930232,0.7574370709382151,0.15517241379310345,0.15517241379310345,0.7342838921282798,0.8798201895827226,0.24615384615384617,0.24615384615384617,0.9251507421150278,0.9759331880900509
102,FBgn0053340,FBgn0250845,0.3076923076923077,0.3076923076923077,0.8930232558139535,0.8306636155606407,0.27272727272727276,0.27272727272727276,0.7468918601923528,0.8564142596929482,0.547008547008547,0.547008547008547,0.9189504373177843,0.9835035035035036
103,FBgn0064912,FBgn0250845,0.38461538461538464,0.38461538461538464,0.8418604651162791,0.816933638443936,0.2884615384615385,0.2884615384615385,0.7820017368649587,0.9059054016232857,0.43956043956043955,0.43956043956043955,0.8831236378046364,0.9672472472472473
104,FBgn0085306,FBgn0250845,0.46153846153846156,0.46153846153846156,0.7581395348837209,0.7597254004576659,0.3333333333333333,0.3333333333333333,0.7388165087463556,0.8824782566207369,0.46153846153846156,0.46153846153846156,0.9256024443675775,0.9760110061185331
105,FBgn0052192,FBgn0250849,0.07692307692307693,0.07692307692307693,0.3302325581395349,0.6498855835240275,0.1875,0.1875,0.5957581379659302,0.785999185999186,0.3076923076923077,0.3076923076923077,0.8495505344995141,0.9273655849117304
106,FBgn0035198,FBgn0259795,0.38461538461538464,0.38461538461538464,0.6883720930232559,0.6979405034324943,0.2884615384615385,0.2884615384615385,0.7155490767735666,0.8304304304304304,0.41025641025641024,0.41025641025641024,0.9355666795019895,0.9894921890606897
107,FBgn0032072,FBgn0260480,0.0,0.0,0.3627906976744186,0.6475972540045767,0.0,0.0,0.61390602752729,0.8216031593553207,0.0,0.0,0.7762174176601334,0.9393998855367509
108,FBgn0066084,FBgn0261016,0.0,0.0,0.09302325581395349,0.11212814645308924,0.0,0.0,0.6768707482993197,0.7479236812570146,0.0,0.0,0.9137291280148423,0.9446343779677113
109,FBgn0051948,FBgn0261536,0.07692307692307693,0.07692307692307693,0.7023255813953488,0.9061784897025171,0.16666666666666666,0.16666666666666666,0.6523881893182805,0.9192012288786483,0.24615384615384617,0.24615384615384617,0.8030180326098694,0.9777777777777779
110,FBgn0261536,FBgn0261537,0.3076923076923077,0.3076923076923077,0.9116279069767442,0.9267734553775744,0.8571428571428571,0.8571428571428571,1.0,1.0,0.9846153846153847,0.9846153846153847,1.0,1.0
111,FBgn0036125,FBgn0261816,0.07692307692307693,0.07692307692307693,0.5255813953488372,0.7185354691075515,0.25,0.25,0.6303823727293115,0.828078340120225,0.6153846153846154,0.6153846153846154,0.9544246269936546,0.9992866941015089
112,FBgn0039368,FBgn0262100,0.0,0.0,0.3767441860465116,0.6704805491990846,0.0,0.0,0.7151286601597161,0.8506350731134593,0.0,0.0,0.914755789956432,0.9384135999684455
113,FBgn0033860,FBgn0262566,0.0,0.0,0.30697674418604654,0.6384439359267735,0.0,0.0,0.446734693877551,0.7475177304964539,0.0,0.0,0.921343537414966,0.9448948948948949
114,FBgn0262791,FBgn0262836,0.0,0.0,0.11162790697674418,0.38672768878718533,0.0,0.0,0.9372056514913658,0.9956248646307125,0.0,0.0,0.9648979591836735,0.9965722585330429
115,FBgn0051820,FBgn0263033,0.0,0.0,0.5209302325581395,0.7116704805491991,0.0,0.0,0.5547038327526133,0.7354547035298209,0.0,0.0,0.9788819875776398,0.9992560937005383
116,FBgn0263032,FBgn0263033,0.07692307692307693,0.07692307692307693,0.5302325581395348,0.7116704805491991,0.375,0.375,0.9892726321297749,0.9977824958716678,0.6153846153846154,0.6153846153846154,0.9963620230700977,0.9992560937005383
117,FBgn0039070,FBgn0011244,0.0,0.0,0.5255813953488372,0.7871853546910755,0.0,0.0,0.6168257625630897,0.8663703703703703,0.0,0.0,0.8112609329446064,0.9345511726722205
118,FBgn0034840,FBgn0263271,0.15384615384615385,0.15384615384615385,0.6093023255813953,0.6430205949656751,0.15000000000000002,0.15000000000000002,0.7037306986286578,0.8253104416369722,0.3516483516483516,0.3516483516483516,0.9143636621315193,0.968020024606508
119,FBgn0036784,FBgn0263271,0.07692307692307693,0.07692307692307693,0.7534883720930232,0.7437070938215103,0.06521739130434782,0.06521739130434782,0.691090722003087,0.8064221857325305,0.13675213675213674,0.13675213675213674,0.9251507421150278,0.978385793200608
120,FBgn0046294,FBgn0263271,0.6153846153846154,0.6153846153846154,0.6976744186046512,0.7070938215102975,0.5454545454545455,0.5454545454545455,0.77307572775303,0.8744069912609238,0.6564102564102564,0.6564102564102564,0.8816684568564267,0.933020972780009
121,FBgn0034459,FBgn0263387,0.07692307692307693,0.07692307692307693,0.48372093023255813,0.7551487414187643,0.30000000000000004,0.30000000000000004,0.7542274052478134,0.8634920634920634,0.41025641025641024,0.41025641025641024,0.9769216097654015,0.9729847494553377
122,FBgn0261858,FBgn0263387,0.07692307692307693,0.07692307692307693,0.42790697674418604,0.7574370709382151,0.25,0.25,0.5462465688029597,0.8484779945339742,0.41025641025641024,0.41025641025641024,0.8641998855617014,0.9759331880900509
123,FBgn0033969,FBgn0263647,0.07692307692307693,0.07692307692307693,0.8046511627906977,0.8443935926773455,0.10714285714285714,0.10714285714285714,0.7082578999341672,0.8829770387965162,0.1758241758241758,0.1758241758241758,0.8737821761870578,0.9509283061982292
124,FBgn0066084,FBgn0264360,0.0,0.0,0.07906976744186046,0.10068649885583524,0.0,0.0,0.6392668178382463,0.7776478232618583,0.0,0.0,0.7766697588126159,0.9001763668430336
125,FBgn0032269,FBgn0265263,0.07692307692307693,0.07692307692307693,0.4883720930232558,0.7528604118993135,0.16666666666666666,0.16666666666666666,0.6747287522603977,0.8498385565052231,0.41025641025641024,0.41025641025641024,0.8442857142857143,0.9874621128114143
126,FBgn0034840,FBgn0266459,0.0,0.0,0.5023255813953489,0.5949656750572082,0.0,0.0,0.6940067166106949,0.8531789118108336,0.0,0.0,0.889762462361994,0.944354983002326
127,FBgn0038694,FBgn0266459,0.07692307692307693,0.07692307692307693,0.4511627906976744,0.5812356979405034,0.25,0.25,0.683921485260771,0.8529382716049383,0.6153846153846154,0.6153846153846154,0.8192848567998628,0.9225621757022724
128,FBgn0052720,FBgn0267363,0.0,0.0,0.2744186046511628,0.6681922196796338,0.0,0.0,0.4792244897959183,0.7865319865319865,0.0,0.0,0.8720738295318128,0.9628979857050033
129,FBgn0262795,FBgn0267363,0.0,0.0,0.2837209302325581,0.6681922196796338,0.0,0.0,0.5480856059237854,0.7761555751001661,0.0,0.0,0.9016356542617048,0.9628979857050033
130,FBgn0038694,FBgn0267411,0.15384615384615385,0.15384615384615385,0.5348837209302325,0.6247139588100686,0.27272727272727276,0.27272727272727276,0.6908887815481222,0.8088888888888889,0.49230769230769234,0.49230769230769234,0.9713170982678786,0.9844391153743672
131,FBgn0052192,FBgn0267417,0.15384615384615385,0.15384615384615385,0.26976744186046514,0.597254004576659,0.375,0.375,0.6134141156462585,0.8320675105485231,0.49230769230769234,0.49230769230769234,0.832798833819242,0.9690534979423869
132,FBgn0052437,FBgn0267423,0.0,0.0,0.22325581395348837,0.448512585812357,0.0,0.0,0.6329181023058573,0.774320987654321,0.0,0.0,0.9648979591836735,0.9873565357652461
133,FBgn0039104,FBgn0267726,0.23076923076923078,0.23076923076923078,0.6930232558139535,0.7459954233409611,0.21428571428571427,0.21428571428571427,0.7838373691445489,0.8997666159309995,0.7384615384615384,0.7384615384615384,0.924445704207609,0.9500143554407121
134,FBgn0035197,FBgn0267727,0.6923076923076923,0.6923076923076923,0.7069767441860465,0.6979405034324943,0.45,0.45,0.8573696145124716,0.9117485437960215,0.6153846153846154,0.6153846153846154,0.9315579890492783,0.9737359440119525
135,FBgn0046294,FBgn0267727,0.46153846153846156,0.46153846153846156,0.6651162790697674,0.7139588100686499,0.3333333333333333,0.3333333333333333,0.7407590587255309,0.9031928480204342,0.49230769230769234,0.49230769230769234,0.8555332847424684,0.9535682023486901
136,FBgn0050376,FBgn0267727,0.6153846153846154,0.6153846153846154,0.5767441860465117,0.6681922196796338,0.46153846153846156,0.46153846153846156,0.6696699956578375,0.8477318817376454,0.6153846153846154,0.6153846153846154,0.8655045351473923,0.9412250406891352
137,FBgn0051029,FBgn0267727,0.07692307692307693,0.07692307692307693,0.5488372093023256,0.6498855835240275,0.07500000000000001,0.07500000000000001,0.6476006618863762,0.8268893170627275,0.41025641025641024,0.41025641025641024,0.8785336356764929,0.9427193197612624
138,FBgn0267412,FBgn0267727,0.3076923076923077,0.3076923076923077,0.6465116279069767,0.7093821510297483,0.27272727272727276,0.27272727272727276,0.7127654091939806,0.8674897119341564,0.6153846153846154,0.6153846153846154,0.831602283770651,0.9474555856669677
139,FBgn0037985,FBgn0270925,0.7692307692307693,0.7692307692307693,0.6976744186046512,0.7048054919908466,0.6000000000000001,0.6000000000000001,0.7286886046284542,0.84087122352705,0.8791208791208791,0.8791208791208791,0.9306500377928949,0.9833136746087915
140,FBgn0037826,FBgn0015770,0.23076923076923078,0.23076923076923078,0.5674418604651162,0.8443935926773455,0.75,0.75,0.6101839750678597,0.8893141945773525,0.9230769230769231,0.9230769230769231,0.7569286974048879,0.9608080808080809
141,FBgn0039071,FBgn0019828,0.46153846153846156,0.46153846153846156,0.6744186046511628,0.7139588100686499,0.5,0.5,0.808897734918143,0.9271714192068174,0.6713286713286712,0.6713286713286712,0.9166024900526248,0.9897796530707924
142,FBgn0039190,FBgn0019828,0.38461538461538464,0.38461538461538464,0.7069767441860465,0.7322654462242563,0.44117647058823534,0.44117647058823534,0.7833834041230705,0.8979676054884969,0.5594405594405594,0.5594405594405594,0.9093780369290574,0.9575824580799706
143,FBgn0051542,FBgn0019828,0.23076923076923078,0.23076923076923078,0.6558139534883721,0.7185354691075515,0.1956521739130435,0.1956521739130435,0.7052126269226903,0.8762491022878834,0.3356643356643356,0.3356643356643356,0.8435677842565598,0.9396277869909712
144,FBgn0032650,FBgn0020280,0.07692307692307693,0.07692307692307693,0.2930232558139535,0.6521739130434783,0.13636363636363638,0.13636363636363638,0.4568877551020408,0.7380748357612111,0.6153846153846154,0.6153846153846154,0.9177018633540373,0.9750979648590571
145,FBgn0034129,FBgn0020280,0.07692307692307693,0.07692307692307693,0.29767441860465116,0.6498855835240275,0.25,0.25,0.802217183169564,0.9380449301760777,0.6153846153846154,0.6153846153846154,0.9322685595977521,0.9716765684911305
146,FBgn0085454,FBgn0020280,0.07692307692307693,0.07692307692307693,0.2744186046511628,0.6361556064073226,0.1875,0.1875,0.5930996160840574,0.7715131109070502,0.6153846153846154,0.6153846153846154,0.8594350783791778,0.9511481902835714
147,FBgn0038697,FBgn0026141,0.0,0.0,0.2930232558139535,0.5560640732265446,0.0,0.0,0.6396428571428571,0.8326530612244898,0.0,0.0,0.8015370705244124,0.936923076923077
148,FBgn0033357,FBgn0026741,0.0,0.0,0.11162790697674418,0.10983981693363844,0.0,0.0,0.7860434496379196,0.7927140255009107,0.0,0.0,0.8934240362811791,0.8910836762688614
149,FBgn0032065,FBgn0028838,0.23076923076923078,0.23076923076923078,0.6883720930232559,0.897025171624714,0.40909090909090906,0.40909090909090906,0.803557786751064,0.9078246062154107,0.6153846153846154,0.6153846153846154,0.9239447331727721,0.9631566206729606
150,FBgn0039366,FBgn0028838,0.3076923076923077,0.3076923076923077,0.7162790697674418,0.9130434782608695,0.5,0.5,0.8451737451737452,0.936959336959337,0.8205128205128205,0.8205128205128205,0.961401952085182,0.9803558460421206
151,FBgn0039367,FBgn0028838,0.3076923076923077,0.3076923076923077,0.7162790697674418,0.9130434782608695,0.5,0.5,0.8451737451737452,0.936959336959337,0.8205128205128205,0.8205128205128205,0.961401952085182,0.9803558460421206
152,FBgn0250834,FBgn0028838,0.15384615384615385,0.15384615384615385,0.6,0.8695652173913043,0.25,0.25,0.7196400538237273,0.892342225675559,0.41025641025641024,0.41025641025641024,0.8643877551020408,0.9499707521320158
153,FBgn0050487,FBgn0028893,0.07692307692307693,0.07692307692307693,0.5627906976744186,0.6956521739130435,0.30000000000000004,0.30000000000000004,0.6940793266459127,0.8123391295805089,0.6153846153846154,0.6153846153846154,0.928376694189126,0.9830665073675826
154,FBgn0036482,FBgn0029552,0.0,0.0,0.1813953488372093,0.4965675057208238,0.0,0.0,0.5499574829931972,0.8066694000273337,0.0,0.0,0.7396033885252213,0.9583074998640344
155,FBgn0036490,FBgn0029552,0.0,0.0,0.24651162790697675,0.5583524027459954,0.0,0.0,0.7174829931972789,0.8971073263044066,0.0,0.0,0.9184553131597467,0.9517605802949513
156,FBgn0051010,FBgn0029658,0.07692307692307693,0.07692307692307693,0.4325581395348837,0.6704805491990846,0.21428571428571427,0.21428571428571427,0.6294897959183673,0.764690078679716,0.41025641025641024,0.41025641025641024,0.9347448979591837,0.9790781893004116
157,FBgn0034824,FBgn0029752,0.23076923076923078,0.23076923076923078,0.5674418604651162,0.7345537757437071,0.5625,0.5625,0.7201589938300902,0.9160843563109852,0.7384615384615384,0.7384615384615384,0.8758746355685132,0.9663441218996776
158,FBgn0039190,FBgn0029949,0.07692307692307693,0.07692307692307693,0.7767441860465116,0.7734553775743707,0.11538461538461539,0.11538461538461539,0.8151736656200942,0.8642225982327505,0.41025641025641024,0.41025641025641024,0.9273593415266659,0.9849842090152168
159,FBgn0052652,FBgn0029951,0.0,0.0,0.6511627906976745,0.6796338672768879,0.0,0.0,0.6801093643198907,0.8357541899441341,0.0,0.0,0.8181063122923589,0.9246376811594204
160,FBgn0038630,FBgn0030277,0.23076923076923078,0.23076923076923078,0.6697674418604651,0.7574370709382151,0.20454545454545453,0.20454545454545453,0.6675985462678221,0.8798201895827226,0.6153846153846154,0.6153846153846154,0.8771799628942486,0.9645851277634224
161,FBgn0040963,FBgn0030277,0.8461538461538461,0.8461538461538461,0.7906976744186046,0.7963386727688787,0.6875,0.6875,0.8460884353741497,0.9475075075075076,0.8461538461538461,0.8461538461538461,0.97083719851577,0.9910774410774411
162,FBgn0051542,FBgn0030277,0.6923076923076923,0.6923076923076923,0.7906976744186046,0.7734553775743707,0.54,0.54,0.8460884353741497,0.9252818035426731,0.7384615384615384,0.7384615384615384,0.97083719851577,0.9965722585330429
163,FBgn0052240,FBgn0030278,0.07692307692307693,0.07692307692307693,0.5255813953488372,0.6727688787185355,0.16666666666666666,0.16666666666666666,0.7170599489795918,0.8634920634920634,0.41025641025641024,0.41025641025641024,0.9086122448979592,0.9759136620063773
164,FBgn0039366,FBgn0030951,0.23076923076923078,0.23076923076923078,0.5813953488372093,0.8535469107551488,0.3461538461538462,0.3461538461538462,0.6714987582334521,0.8618416581719334,0.6153846153846154,0.6153846153846154,0.9238070228091236,0.9612364721190771
165,FBgn0040989,FBgn0030951,0.07692307692307693,0.07692307692307693,0.4418604651162791,0.7505720823798627,0.1875,0.1875,0.679254096004599,0.8429327286470144,0.41025641025641024,0.41025641025641024,0.945393008688624,0.9933833128193652
166,FBgn0250834,FBgn0030951,0.3076923076923077,0.3076923076923077,0.6,0.8810068649885584,0.6000000000000001,0.6000000000000001,0.8342324190822826,0.9576588934613626,0.8205128205128205,0.8205128205128205,0.9533688475390156,0.9921609698816212
167,FBgn0260434,FBgn0031129,0.07692307692307693,0.07692307692307693,0.21395348837209302,0.4462242562929062,0.5,0.5,0.4490777080062794,0.7584727584727585,0.6153846153846154,0.6153846153846154,0.9632227891156463,0.9922917841699568
168,FBgn0037862,FBgn0031134,0.0,0.0,0.6046511627906976,0.9176201372997712,0.0,0.0,0.5176070428171268,0.878196457326892,0.0,0.0,0.8016151245774383,0.9640050922225184
169,FBgn0038423,FBgn0031134,0.07692307692307693,0.07692307692307693,0.9627906976744186,1.0,0.1875,0.1875,0.8474530941408821,0.9696851036058085,0.41025641025641024,0.41025641025641024,0.9371897407611693,0.9866644422199978
170,FBgn0039367,FBgn0031332,0.6153846153846154,0.6153846153846154,0.8046511627906977,0.9519450800915332,1.0,1.0,0.9704307137219528,0.9907363628403817,0.9846153846153847,0.9846153846153847,0.9879696196660482,0.9952915524912342
171,FBgn0052488,FBgn0031332,0.3076923076923077,0.3076923076923077,0.5674418604651162,0.8466819221967964,0.4,0.4,0.6287682585724644,0.8628257887517147,0.547008547008547,0.547008547008547,0.8574996432139289,0.968442768268704
172,FBgn0050487,FBgn0031372,0.07692307692307693,0.07692307692307693,0.5906976744186047,0.700228832951945,0.25,0.25,0.7496737066919791,0.8242424242424242,0.6153846153846154,0.6153846153846154,0.9744119021654463,0.9895340501792115
173,FBgn0034826,FBgn0031526,0.07692307692307693,0.07692307692307693,0.40930232558139534,0.6750572082379863,0.21428571428571427,0.21428571428571427,0.6569627851140456,0.9116109975005681,0.41025641025641024,0.41025641025641024,0.921343537414966,0.9890581774639746
174,FBgn0050039,FBgn0031526,0.0,0.0,0.3953488372093023,0.620137299771167,0.0,0.0,0.6488798526929569,0.802962962962963,0.0,0.0,0.8899340986394557,0.9085924274330072
175,FBgn0033330,FBgn0031545,0.5384615384615384,0.5384615384615384,0.5813953488372093,0.6590389016018307,0.5,0.5,0.6786805631343447,0.8337164750957854,0.7832167832167832,0.7832167832167832,0.8158295785846806,0.9283315469810647
176,FBgn0035198,FBgn0031545,0.5384615384615384,0.5384615384615384,0.6604651162790698,0.6750572082379863,0.40384615384615385,0.40384615384615385,0.8238483965014577,0.9144159544159544,0.5384615384615384,0.5384615384615384,0.9033195556703695,0.9570498222062408
177,FBgn0037985,FBgn0031545,0.5384615384615384,0.5384615384615384,0.6697674418604651,0.6910755148741419,0.43750000000000006,0.43750000000000006,0.6929103394912468,0.8178414974113898,0.6153846153846154,0.6153846153846154,0.916042366313614,0.9734587749593109
178,FBgn0045770,FBgn0031545,0.15384615384615385,0.15384615384615385,0.5302325581395348,0.6132723112128147,0.13043478260869565,0.13043478260869565,0.6652005629838141,0.8332876085962505,0.3076923076923077,0.3076923076923077,0.8813971742543171,0.9560915601247749
179,FBgn0085486,FBgn0031722,0.0,0.0,0.6232558139534884,0.7231121281464531,0.0,0.0,0.6836734693877551,0.8204658266513937,0.0,0.0,0.916215465778148,0.9777168114616674
180,FBgn0267411,FBgn0031722,0.07692307692307693,0.07692307692307693,0.6232558139534884,0.7070938215102975,0.10714285714285714,0.10714285714285714,0.7643315753267599,0.8893968253968254,0.1758241758241758,0.1758241758241758,0.916215465778148,0.956058527663466
181,FBgn0032626,FBgn0031728,0.0,0.0,0.6093023255813953,0.7505720823798627,0.0,0.0,0.6273825567963034,0.869551656920078,0.0,0.0,0.860577564359077,0.9586293776769967
182,FBgn0039518,FBgn0051870,0.0,0.0,0.2651162790697674,0.5766590389016019,0.0,0.0,0.2527181178148115,0.6146892655367232,0.0,0.0,0.45832653061224493,0.856346516007533
183,FBgn0262836,FBgn0039104,0.0,0.0,0.05116279069767442,0.3157894736842105,0.0,0.0,0.05756890385019987,0.3687592101385205,0.0,0.0,0.4422448979591837,0.813769063180828
184,FBgn0051482,FBgn0052192,0.0,0.0,0.07441860465116279,0.5995423340961098,0.0,0.0,0.0759107381270265,0.5931252600915522,0.0,0.0,0.19144800777453838,0.85552740579885
185,FBgn0052061,FBgn0038123,0.0,0.0,0.2372093023255814,0.6727688787185355,0.0,0.0,0.19613868274582558,0.6495126705653022,0.0,0.0,0.4576803935860058,0.7880372350960587
186,FBgn0267420,FBgn0038281,0.0,0.0,0.027906976744186046,0.37299771167048057,0.0,0.0,0.02914754418513817,0.3774882928905917,0.0,0.0,0.09000913798355163,0.6382908950617284
187,FBgn0011273,FBgn0029501,0.0,0.0,0.013953488372093023,0.2837528604118993,0.0,0.0,0.018918747623272912,0.34991181657848325,0.0,0.0,0.06852968460111317,0.6474279835390947
188,FBgn0064912,FBgn0051226,0.0,0.0,0.44651162790697674,0.7345537757437071,0.0,0.0,0.345636126791142,0.73999491482329,0.0,0.0,0.5545390570021111,0.8558313632781718
189,FBgn0030951,FBgn0036161,0.0,0.0,0.28837209302325584,0.6292906178489702,0.0,0.0,0.4196598639455782,0.7013595874355368,0.0,0.0,0.7989272632129775,0.9741307856737775
190,FBgn0267363,FBgn0039395,0.0,0.0,0.07441860465116279,0.38443935926773454,0.0,0.0,0.13651174755616532,0.4178875171467764,0.0,0.0,0.24002436795613769,0.621456881235479
191,FBgn0052299,FBgn0029501,0.0,0.0,0.0,0.1945080091533181,0.0,0.0,0.0,0.22895622895622894,0.0,0.0,0.0,0.5012345679012346
192,FBgn0262566,FBgn0036014,0.0,0.0,0.018604651162790697,0.37528604118993136,0.0,0.0,0.023475286068184498,0.3696080868340376,0.0,0.0,0.05583900226757369,0.5554220887554221
193,FBgn0040733,FBgn0035008,0.0,0.0,0.0,0.0,0.0,0.0,0.0,0.0,0.0,0.0,0.0,0.0
194,FBgn0031585,FBgn0029501,0.0,0.0,0.05116279069767442,0.43249427917620137,0.0,0.0,0.060044985736229975,0.4724565756823821,0.0,0.0,0.14358600583090378,0.6555940023068051
195,FBgn0032312,FBgn0033512,0.0,0.0,0.018604651162790697,0.2700228832951945,0.0,0.0,0.01773460475893414,0.2629957391019338,0.0,0.0,0.06814251124178484,0.49494292060540324
196,FBgn0030376,FBgn0051988,0.0,0.0,0.12093023255813953,0.4302059496567506,0.0,0.0,0.1326530612244898,0.5010386047423084,0.0,0.0,0.34843537414965986,0.7508533766169889
197,FBgn0262791,FBgn0033860,0.0,0.0,0.027906976744186046,0.30434782608695654,0.0,0.0,0.03737323150118944,0.3383464272353161,0.0,0.0,0.24122448979591837,0.7842846768336965
198,FBgn0259795,FBgn0262791,0.0,0.0,0.04186046511627907,0.32036613272311215,0.0,0.0,0.042501186521120074,0.3561541339319117,0.0,0.0,0.36183673469387756,0.8255628177196804
199,FBgn0028560,FBgn0004174,0.0,0.0,0.018604651162790697,0.4691075514874142,0.0,0.0,0.018889416231608922,0.447979432795051,0.0,0.0,0.052213093029419566,0.7418995409368454
200,FBgn0015770,FBgn0035924,0.0,0.0,0.46511627906976744,0.7665903890160183,0.0,0.0,0.3802644653366965,0.7583853516437785,0.0,0.0,0.6166270189057218,0.8722783389450056
201,FBgn0028892,FBgn0038000,0.0,0.0,0.06976744186046512,0.39359267734553777,0.0,0.0,0.11281179138321994,0.4420256991685563,0.0,0.0,0.2512755102040816,0.7432098765432099
202,FBgn0263647,FBgn0032090,0.0,0.0,0.2558139534883721,0.6292906178489702,0.0,0.0,0.24599928076957653,0.6757000903342367,0.0,0.0,0.6503601440576231,0.9250973568646946
203,FBgn0037486,FBgn0033248,0.0,0.0,0.0,0.21052631578947367,0.0,0.0,0.0,0.21111954779380748,0.0,0.0,0.0,0.4433998100664767
204,FBgn0031129,FBgn0035823,0.0,0.0,0.30697674418604654,0.4919908466819222,0.0,0.0,0.3851161154116819,0.6726478030825856,0.0,0.0,0.6503601440576231,0.8386414949320268
205,FBgn0261537,FBgn0035161,0.0,0.0,0.2651162790697674,0.7459954233409611,0.0,0.0,0.21756559766763847,0.6913996101364522,0.0,0.0,0.451108789972682,0.825264995635366
206,FBgn0032632,FBgn0039088,0.0,0.0,0.09767441860465116,0.505720823798627,0.0,0.0,0.08394263217097862,0.47982120051085564,0.0,0.0,0.32979910714285715,0.8455941947036095
207,FBgn0004171,FBgn0033953,0.0,0.0,0.27906976744186046,0.5491990846681922,0.0,0.0,0.23611770289511153,0.5756613756613757,0.0,0.0,0.8040816326530613,0.9472149314669001
208,FBgn0033357,FBgn0037860,0.0,0.0,0.0,0.0,0.0,0.0,0.0,0.0,0.0,0.0,0.0,0.0
209,FBgn0031372,FBgn0033279,0.0,0.0,0.25116279069767444,0.6704805491990846,0.0,0.0,0.19936920222634505,0.6618169739245973,0.0,0.0,0.3371149702116872,0.7938471805138473
210,FBgn0264360,FBgn0032626,0.0,0.0,0.0,0.0,0.0,0.0,0.0,0.0,0.0,0.0,0.0,0.0
211,FBgn0267420,FBgn0047351,0.0,0.0,0.07906976744186046,0.4416475972540046,0.0,0.0,0.062311206070876,0.3976066045595698,0.0,0.0,0.2550258909533963,0.7557677469135803
212,FBgn0050462,FBgn0004174,0.0,0.0,0.0,0.002288329519450801,0.0,0.0,0.0,0.002451112913400018,0.0,0.0,0.0,0.043585614600107354
213,FBgn0031722,FBgn0051139,0.0,0.0,0.22325581395348837,0.6041189931350115,0.0,0.0,0.18321313487801133,0.5845177045177046,0.0,0.0,0.3281965847563515,0.8168267032464563
214,FBgn0039246,FBgn0265271,0.0,0.0,0.12558139534883722,0.37757437070938216,0.0,0.0,0.20156812725090034,0.4682316118935837,0.0,0.0,0.41117810760667906,0.7038613081166273
215,FBgn0261858,FBgn0034477,0.0,0.0,0.06046511627906977,0.5217391304347826,0.0,0.0,0.057637465466535955,0.49824053988912986,0.0,0.0,0.15193402942572376,0.7493867638129934
216,FBgn0040763,FBgn0046793,0.0,0.0,0.0,0.006864988558352402,0.0,0.0,0.0,0.01098989898989899,0.0,0.0,0.0,0.10370370370370371
217,FBgn0038694,FBgn0035008,0.0,0.0,0.25116279069767444,0.551487414187643,0.0,0.0,0.3062934671075134,0.6688297112539537,0.0,0.0,0.4678923293455313,0.8690469846345147
218,FBgn0034646,FBgn0038630,0.0,0.0,0.0,0.002288329519450801,0.0,0.0,0.0,0.0025633776269908585,0.0,0.0,0.0,0.020049382716049384
219,FBgn0053125,FBgn0035198,0.0,0.0,0.10697674418604651,0.5263157894736842,0.0,0.0,0.08912992677987225,0.5059032831958595,0.0,0.0,0.18347100745059927,0.7461744376523234
220,FBgn0053125,FBgn0052591,0.0,0.0,0.08372093023255814,0.494279176201373,0.0,0.0,0.07646656989155495,0.4782417582417582,0.0,0.0,0.14358600583090378,0.7415525114155251
221,FBgn0046332,FBgn0034082,0.0,0.0,0.16744186046511628,0.4576659038901602,0.0,0.0,0.1555362570560139,0.48903272204243076,0.0,0.0,0.7866015971606034,0.9732710056334652
222,FBgn0035008,FBgn0032385,0.0,0.0,0.018604651162790697,0.2745995423340961,0.0,0.0,0.025224996831030546,0.2811369509043928,0.0,0.0,0.08204914618908787,0.5370370370370371
223,FBgn0266798,FBgn0085320,0.0,0.0,0.0,0.0,0.0,0.0,0.0,0.0,0.0,0.0,0.0,0.0
224,FBgn0038280,FBgn0036877,0.0,0.0,0.0,0.0,0.0,0.0,0.0,0.0,0.0,0.0,0.0,0.0
225,FBgn0250845,FBgn0032457,0.07692307692307693,0.07692307692307693,0.8046511627906977,0.7963386727688787,0.05555555555555555,0.05555555555555555,0.6206641667267614,0.7985826373070108,0.11188811188811189,0.11188811188811189,0.8280126336248785,0.9428628628628629
226,FBgn0267726,FBgn0037486,0.0,0.0,0.2744186046511628,0.5881006864988558,0.0,0.0,0.2786188894162316,0.6345679012345679,0.0,0.0,0.5294733965014577,0.7976302411802928
227,FBgn0264360,FBgn0036311,0.0,0.0,0.0,0.0,0.0,0.0,0.0,0.0,0.0,0.0,0.0,0.0
228,FBgn0266798,FBgn0033322,0.0,0.0,0.14418604651162792,0.4439359267734554,0.0,0.0,0.11744212610417301,0.4013080842649631,0.0,0.0,0.47209338280766855,0.784189565909996
229,FBgn0029949,FBgn0036014,0.0,0.0,0.13953488372093023,0.5446224256292906,0.0,0.0,0.1132311660723769,0.517846572274218,0.0,0.0,0.28717201166180756,0.7574211248285323
230,FBgn0038281,FBgn0038355,0.0,0.0,0.17674418604651163,0.6475972540045767,0.0,0.0,0.13681430018816038,0.6211248285322358,0.0,0.0,0.25806674020959736,0.8295285538950257
231,FBgn0042198,FBgn0265271,0.0,0.0,0.11627906976744186,0.448512585812357,0.0,0.0,0.18801965230536657,0.5577735928018414,0.0,0.0,0.398850016196955,0.7414488702539017
232,FBgn0050412,FBgn0047351,0.0,0.0,0.35348837209302325,0.6498855835240275,0.0,0.0,0.29564469465947296,0.648761232888217,0.0,0.0,0.6944341372912801,0.9458512776342234
233,FBgn0038709,FBgn0085486,0.0,0.0,0.14418604651162792,0.6338672768878718,0.0,0.0,0.12294722576530612,0.6173713536545394,0.0,0.0,0.3084966659931299,0.7911223664310085
234,FBgn0261806,FBgn0038210,0.0,0.0,0.0,0.04576659038901602,0.0,0.0,0.0,0.07407407407407407,0.0,0.0,0.0,0.33415637860082303
235,FBgn0050366,FBgn0000182,0.0,0.0,0.0,0.018306636155606407,0.0,0.0,0.0,0.025264135608963192,0.0,0.0,0.0,0.16039506172839507
236,FBgn0051788,FBgn0034827,0.0,0.0,0.0,0.19679633867276888,0.0,0.0,0.0,0.21286741286741287,0.0,0.0,0.0,0.37483628556092324
237,FBgn0046297,FBgn0034472,0.0,0.0,0.4046511627906977,0.6727688787185355,0.0,0.0,0.3547455126628965,0.7001838718150775,0.0,0.0,0.5534422629811419,0.8469135802469137
238,FBgn0026741,FBgn0038281,0.0,0.0,0.0,0.0,0.0,0.0,0.0,0.0,0.0,0.0,0.0,0.0
239,FBgn0035971,FBgn0034132,0.0,0.0,0.20930232558139536,0.6819221967963387,0.0,0.0,0.14882337299740744,0.633348960775121,0.0,0.0,0.2791950113378685,0.8184542533400981
240,FBgn0039395,FBgn0050430,0.0,0.0,0.12093023255813953,0.5263157894736842,0.0,0.0,0.10999149659863945,0.47872666054484236,0.0,0.0,0.3900395979287237,0.8508040635961917
241,FBgn0260480,FBgn0032650,0.0,0.0,0.33488372093023255,0.6842105263157895,0.0,0.0,0.4403737398573887,0.7382716049382715,0.0,0.0,0.6827108201771275,0.9138361939174948
242,FBgn0051835,FBgn0035161,0.0,0.0,0.018604651162790697,0.4096109839816934,0.0,0.0,0.020720533111203664,0.383672182821119,0.0,0.0,0.05507408442829186,0.709256819401747
243,FBgn0050430,FBgn0032360,0.0,0.0,0.4325581395348837,0.7574370709382151,0.0,0.0,0.3645693798755023,0.7393610905806027,0.0,0.0,0.6030612244897959,0.9788120470519684
244,FBgn0038208,FBgn0045770,0.0,0.0,0.12093023255813953,0.43478260869565216,0.0,0.0,0.13607195455501786,0.48335203890759443,0.0,0.0,0.2903628117913832,0.6778261060586092
245,FBgn0037040,FBgn0002865,0.0,0.0,0.2372093023255814,0.45308924485125857,0.0,0.0,0.25761498629302465,0.5618779342723005,0.0,0.0,0.7538265306122449,0.9022222222222223
246,FBgn0030951,FBgn0035971,0.23076923076923078,0.23076923076923078,0.4883720930232558,0.8054919908466819,0.40909090909090906,0.40909090909090906,0.5581525804038893,0.7986653319986653,0.6153846153846154,0.6153846153846154,0.7759978991596639,0.907118601034625
247,FBgn0032664,FBgn0033322,0.0,0.0,0.09767441860465116,0.3135011441647597,0.0,0.0,0.07697266632284681,0.28933923441260967,0.0,0.0,0.32472527472527474,0.7587749812427529
248,FBgn0051870,FBgn0034105,0.0,0.0,0.2558139534883721,0.6636155606407322,0.0,0.0,0.22885998661759785,0.640675763482781,0.0,0.0,0.40058414670215914,0.7814947564051506
249,FBgn0036438,FBgn0032471,0.0,0.0,0.10232558139534884,0.5354691075514875,0.0,0.0,0.0942478257125635,0.5444187836797537,0.0,0.0,0.20286463209136868,0.7262469900240799
250,FBgn0032971,FBgn0037388,0.0,0.0,0.04186046511627907,0.42105263157894735,0.0,0.0,0.04860508033000434,0.4330910349601938,0.0,0.0,0.1587003222341568,0.7950617283950618
251,FBgn0028893,FBgn0085306,0.0,0.0,0.4558139534883721,0.6704805491990846,0.0,0.0,0.40447154471544716,0.7078426147970512,0.0,0.0,0.5898203592814371,0.8613591108214764
252,FBgn0037388,FBgn0032065,0.0,0.0,0.2372093023255814,0.7391304347826086,0.0,0.0,0.19839315036359373,0.6864822628535708,0.0,0.0,0.36614431486880467,0.8520987654320988
253,FBgn0051820,FBgn0037862,0.0,0.0,0.4697674418604651,0.8718535469107551,0.0,0.0,0.39139663498987376,0.8362139917695474,0.0,0.0,0.622793289094779,0.9159250377475797
254,FBgn0031722,FBgn0050487,0.0,0.0,0.4186046511627907,0.6064073226544623,0.0,0.0,0.4912771560236998,0.7274195176102533,0.0,0.0,0.6905281196448045,0.8569494225408204
255,FBgn0265648,FBgn0034173,0.0,0.0,0.004651162790697674,0.18077803203661327,0.0,0.0,0.006723881605622381,0.2133651077350809,0.0,0.0,0.025127551020408166,0.4020053894842389
256,FBgn0050487,FBgn0034840,0.0,0.0,0.4418604651162791,0.5675057208237986,0.0,0.0,0.5418768631047924,0.7117864303049488,0.0,0.0,0.7288907929584048,0.8543379576598362
257,FBgn0037486,FBgn0035005,0.0,0.0,0.2651162790697674,0.585812356979405,0.0,0.0,0.31973728718006533,0.6804651617316525,0.0,0.0,0.5115251457725948,0.8172996775969176
258,FBgn0053125,FBgn0035971,0.0,0.0,0.35348837209302325,0.7597254004576659,0.0,0.0,0.367444120505345,0.736694403654756,0.0,0.0,0.6062520246193716,0.8781523828137725
259,FBgn0033954,FBgn0040963,0.0,0.0,0.28837209302325584,0.4988558352402746,0.0,0.0,0.3228152799581371,0.5984054899586234,0.0,0.0,0.7507991148266535,0.9299500919359076
260,FBgn0051693,FBgn0038200,0.0,0.0,0.8418604651162791,0.9725400457665904,0.0,0.0,0.6358837652708142,0.9109535066981875,0.0,0.0,0.8194750873322302,0.9552676742512318
261,FBgn0265271,FBgn0051084,0.0,0.0,0.0,0.0,0.0,0.0,0.0,0.0,0.0,0.0,0.0,0.0
262,FBgn0052240,FBgn0051141,0.0,0.0,0.3302325581395349,0.5926773455377574,0.0,0.0,0.3337348828420257,0.6777104377104377,0.0,0.0,0.5708979591836735,0.8597334641484753
263,FBgn0052026,FBgn0032424,0.0,0.0,0.07906976744186046,0.47139588100686497,0.0,0.0,0.08103382197949602,0.4803840877914952,0.0,0.0,0.18572537710736467,0.8130261495090891
264,FBgn0052240,FBgn0066084,0.0,0.0,0.0,0.002288329519450801,0.0,0.0,0.0,0.002853845346763194,0.0,0.0,0.0,0.019278252611585948
265,FBgn0262836,FBgn0031443,0.0,0.0,0.046511627906976744,0.34096109839816935,0.0,0.0,0.04552942253134437,0.35996092015276665,0.0,0.0,0.40204081632653066,0.8786347131445171
266,FBgn0051788,FBgn0034477,0.0,0.0,0.07441860465116279,0.37299771167048057,0.0,0.0,0.12214208991867423,0.4438038038038038,0.0,0.0,0.2552640103660512,0.7104455179817499
267,FBgn0260762,FBgn0036125,0.0,0.0,0.386046511627907,0.6270022883295194,0.0,0.0,0.5811752287121745,0.8215167548500881,0.0,0.0,0.751562787277073,0.9248368458245002
268,FBgn0267726,FBgn0051084,0.0,0.0,0.0,0.0,0.0,0.0,0.0,0.0,0.0,0.0,0.0,0.0
269,FBgn0039367,FBgn0004173,0.0,0.0,0.3395348837209302,0.6064073226544623,0.0,0.0,0.36154803384768536,0.5958994708994708,0.0,0.0,0.7193377350940376,0.9005231219920486
270,FBgn0000003,FBgn0040859,0.0,0.0,0.0,0.002288329519450801,0.0,0.0,0.0,0.0027449793117368046,0.0,0.0,0.0,0.05276153346328785
271,FBgn0050278,FBgn0036490,0.0,0.0,0.013953488372093023,0.30205949656750575,0.0,0.0,0.015153822723119097,0.28293144208037824,0.0,0.0,0.043075801749271135,0.5148868713071048
272,FBgn0052061,FBgn0032637,0.0,0.0,0.08837209302325581,0.4759725400457666,0.0,0.0,0.07419544740973312,0.48504801097393685,0.0,0.0,0.2512755102040816,0.7780357471899761
273,FBgn0267420,FBgn0039368,0.0,0.0,0.013953488372093023,0.34782608695652173,0.0,0.0,0.017812388113139992,0.35528057059379564,0.0,0.0,0.045004568991775816,0.5952160493827161
274,FBgn0034122,FBgn0032424,0.0,0.0,0.2651162790697674,0.6361556064073226,0.0,0.0,0.3345228264716291,0.6764716407228484,0.0,0.0,0.6094767694311768,0.9048260381593716
275,FBgn0050485,FBgn0052548,0.0,0.0,0.0,0.0,0.0,0.0,0.0,0.0,0.0,0.0,0.0,0.0
276,FBgn0029750,FBgn0266459,0.0,0.0,0.09302325581395349,0.32265446224256294,0.0,0.0,0.13100724160631994,0.4265598932265599,0.0,0.0,0.3792837889872931,0.7067407407407408
277,FBgn0051542,FBgn0032471,0.0,0.0,0.22325581395348837,0.5812356979405034,0.0,0.0,0.20563161973650218,0.6287014287014288,0.0,0.0,0.44261374274480436,0.7883193823338303
278,FBgn0260758,FBgn0035197,0.0,0.0,0.21395348837209302,0.5194508009153318,0.0,0.0,0.2172282866635026,0.6114478114478115,0.0,0.0,0.4766463286345466,0.7874065530351575
279,FBgn0031728,FBgn0033861,0.0,0.0,0.07441860465116279,0.45537757437070936,0.0,0.0,0.05950512072961052,0.4339265672599006,0.0,0.0,0.16244073386930533,0.669434087331179
280,FBgn0050485,FBgn0033888,0.0,0.0,0.0,0.0,0.0,0.0,0.0,0.0,0.0,0.0,0.0,0.0
281,FBgn0030370,FBgn0028531,0.0,0.0,0.14883720930232558,0.47139588100686497,0.0,0.0,0.20694137527622514,0.47597689432551815,0.0,0.0,0.4873222016079159,0.7676901188673184
282,FBgn0031728,FBgn0031626,0.0,0.0,0.31627906976744186,0.6086956521739131,0.0,0.0,0.31240188383045525,0.6801278435796202,0.0,0.0,0.6903731189445476,0.8978343101799893
283,FBgn0040510,FBgn0039707,0.07692307692307693,0.07692307692307693,0.4790697674418605,0.7757437070938215,0.1875,0.1875,0.5177055970903213,0.8016692749087115,0.41025641025641024,0.41025641025641024,0.8848334205477063,0.9709629629629629
284,FBgn0050461,FBgn0037988,0.0,0.0,0.0,0.0,0.0,0.0,0.0,0.0,0.0,0.0,0.0,0.0
285,FBgn0029949,FBgn0032969,0.0,0.0,0.13023255813953488,0.5537757437070938,0.0,0.0,0.09669582118561709,0.5089615711745148,0.0,0.0,0.21986607142857142,0.7241717339229777
286,FBgn0040575,FBgn0004172,0.0,0.0,0.0,0.0,0.0,0.0,0.0,0.0,0.0,0.0,0.0,0.0
287,FBgn0047351,FBgn0033954,0.0,0.0,0.2558139534883721,0.517162471395881,0.0,0.0,0.2189875950380152,0.5258061756907022,0.0,0.0,0.6660314728300959,0.9640767008142894
288,FBgn0019828,FBgn0051921,0.0,0.0,0.23255813953488372,0.6361556064073226,0.0,0.0,0.21064442374460157,0.6350550096581843,0.0,0.0,0.4085780653724905,0.8318997604569744
289,FBgn0054049,FBgn0036490,0.0,0.0,0.04186046511627907,0.30892448512585813,0.0,0.0,0.07614795918367347,0.39999999999999997,0.0,0.0,0.15332065029401593,0.6207951070336392
290,FBgn0051820,FBgn0035915,0.0,0.0,0.5534883720930233,0.7848970251716247,0.0,0.0,0.4891555812608444,0.7853198653198653,0.0,0.0,0.7205249569707401,0.9551303155006858
291,FBgn0004172,FBgn0033287,0.0,0.0,0.3627906976744186,0.7093821510297483,0.0,0.0,0.32062298603651984,0.7348148148148148,0.0,0.0,0.48694384586132594,0.8778684522563996
292,FBgn0031526,FBgn0032590,0.0,0.0,0.16744186046511628,0.5995423340961098,0.0,0.0,0.1836734693877551,0.6485030485030485,0.0,0.0,0.37691326530612246,0.8784177711713944
293,FBgn0038709,FBgn0260434,0.0,0.0,0.046511627906976744,0.3684210526315789,0.0,0.0,0.07304360593158125,0.4191023064408077,0.0,0.0,0.20939625850340138,0.8192768064172464
294,FBgn0050278,FBgn0260434,0.0,0.0,0.06976744186046512,0.39588100686498856,0.0,0.0,0.09119516069901014,0.4723075378901937,0.0,0.0,0.31409438775510207,0.8803409162123206
295,FBgn0026141,FBgn0051730,0.0,0.0,0.004651162790697674,0.30663615560640733,0.0,0.0,0.0051538381850202005,0.28906336743595845,0.0,0.0,0.01272281064324464,0.5166571699905033
296,FBgn0034646,FBgn0038200,0.0,0.0,0.0,0.004576659038901602,0.0,0.0,0.0,0.004078572499625131,0.0,0.0,0.0,0.04009876543209877
297,FBgn0085190,FBgn0031878,0.0,0.0,0.0,0.19908466819221968,0.0,0.0,0.0,0.20241211188093405,0.0,0.0,0.0,0.40945922448269867
298,FBgn0029501,FBgn0036328,0.0,0.0,0.20930232558139536,0.6155606407322655,0.0,0.0,0.20038936627282491,0.6331602630668051,0.0,0.0,0.37691326530612246,0.9330941091033365
299,FBgn0031678,FBgn0031574,0.0,0.0,0.0,0.0,0.0,0.0,0.0,0.0,0.0,0.0,0.0,0.0
300,FBgn0052720,FBgn0039368,0.0,0.0,0.20930232558139536,0.6338672768878718,0.0,0.0,0.2595953153988868,0.6806142728093948,0.0,0.0,0.42270646576387566,0.8491863933250273
301,FBgn0029501,FBgn0035007,0.0,0.0,0.2744186046511628,0.6270022883295194,0.0,0.0,0.2593206113614277,0.630204633857602,0.0,0.0,0.4941751700680272,0.9504378657781195
302,FBgn0028892,FBgn0264906,0.0,0.0,0.0,0.0,0.0,0.0,0.0,0.0,0.0,0.0,0.0,0.0
303,FBgn0085454,FBgn0034082,0.0,0.0,0.013953488372093023,0.3318077803203661,0.0,0.0,0.022730734084678645,0.3571493253644843,0.0,0.0,0.06555013309671695,0.7056214790842623
304,FBgn0267423,FBgn0051730,0.0,0.0,0.09302325581395349,0.36384439359267734,0.0,0.0,0.13628270099986303,0.4226326590442685,0.0,0.0,0.40204081632653066,0.8009678019728271
305,FBgn0083946,FBgn0039398,0.0,0.0,0.0,0.036613272311212815,0.0,0.0,0.0,0.04489838027442484,0.0,0.0,0.0,0.1055230669265757
306,FBgn0031585,FBgn0013301,0.0,0.0,0.16279069767441862,0.5812356979405034,0.0,0.0,0.1545031055900621,0.5909503036523821,0.0,0.0,0.45686456400742115,0.8403536649961293
307,FBgn0261531,FBgn0052299,0.0,0.0,0.023255813953488372,0.3157894736842105,0.0,0.0,0.024884953981592635,0.333386624034106,0.0,0.0,0.21850044365572316,0.813769063180828
308,FBgn0260953,FBgn0051740,0.0,0.0,0.3023255813953488,0.4759725400457666,0.0,0.0,0.31277202824257666,0.5428516599501055,0.0,0.0,0.8828599007170436,0.9653406492912666
309,FBgn0037486,FBgn0051141,0.0,0.0,0.26976744186046514,0.6064073226544623,0.0,0.0,0.2726284958427816,0.6674074074074073,0.0,0.0,0.5204992711370263,0.822459198104193
310,FBgn0039010,FBgn0050430,0.0,0.0,0.09767441860465116,0.5240274599542334,0.0,0.0,0.08810507674144037,0.4918897575613993,0.0,0.0,0.32979910714285715,0.9002565964657469
311,FBgn0261537,FBgn0051141,0.0,0.0,0.5255813953488372,0.7368421052631579,0.0,0.0,0.4682840483132028,0.7596842744383727,0.0,0.0,0.7010896951373142,0.9383577375825438
312,FBgn0028902,FBgn0085320,0.0,0.0,0.0,0.0,0.0,0.0,0.0,0.0,0.0,0.0,0.0,0.0
313,FBgn0050364,FBgn0032360,0.0,0.0,0.05116279069767442,0.4919908466819222,0.0,0.0,0.05053559885492658,0.4856336156784587,0.0,0.0,0.14358600583090378,0.66935050993022
314,FBgn0031129,FBgn0037454,0.0,0.0,0.16744186046511628,0.4462242562929062,0.0,0.0,0.2947662936142199,0.6398841838581252,0.0,0.0,0.6030612244897959,0.7914230019493178
315,FBgn0020280,FBgn0083946,0.0,0.0,0.023255813953488372,0.2837528604118993,0.0,0.0,0.047891798228725455,0.39159410193892946,0.0,0.0,0.11965500485908649,0.8178037686809617
316,FBgn0085452,FBgn0034127,0.0,0.0,0.0,0.009153318077803204,0.0,0.0,0.0,0.009548885378269265,0.0,0.0,0.0,0.09113355780022447
317,FBgn0051816,FBgn0034105,0.0,0.0,0.05581395348837209,0.2562929061784897,0.0,0.0,0.08176962059991781,0.2834915317327378,0.0,0.0,0.5244010647737356,0.8255628177196804
318,FBgn0028892,FBgn0051816,0.0,0.0,0.046511627906976744,0.2425629290617849,0.0,0.0,0.09857340994650286,0.2949866994065889,0.0,0.0,0.4370008873114463,0.7813362381989833
319,FBgn0262791,FBgn0036161,0.0,0.0,0.027906976744186046,0.2745995423340961,0.0,0.0,0.06280244056385441,0.3652232292715676,0.0,0.0,0.24122448979591837,0.7076252723311548
320,FBgn0052488,FBgn0032424,0.0,0.0,0.28837209302325584,0.7139588100686499,0.0,0.0,0.2900874635568513,0.6907936507936507,0.0,0.0,0.4515675835551612,0.8166328208103665
321,FBgn0051921,FBgn0038359,0.0,0.0,0.08837209302325581,0.5903890160183066,0.0,0.0,0.08930933484504913,0.5577491654744873,0.0,0.0,0.17050838192419826,0.7651983344291037
322,FBgn0034122,FBgn0036497,0.0,0.0,0.027906976744186046,0.43249427917620137,0.0,0.0,0.0262579169598874,0.4121212121212121,0.0,0.0,0.06415544941380807,0.6151515151515152
323,FBgn0039010,FBgn0052436,0.0,0.0,0.21395348837209302,0.5469107551487414,0.0,0.0,0.22240038872691933,0.6489767395427772,0.0,0.0,0.7224170918367347,0.9395691115952555
324,FBgn0029952,FBgn0028903,0.0,0.0,0.11627906976744186,0.5560640732265446,0.0,0.0,0.13720353006067293,0.6181818181818182,0.0,0.0,0.24161106750392466,0.7858064516129032
325,FBgn0051730,FBgn0040007,0.0,0.0,0.0,0.0,0.0,0.0,0.0,0.0,0.0,0.0,0.0,0.0
326,FBgn0034477,FBgn0033868,0.0,0.0,0.10232558139534884,0.517162471395881,0.0,0.0,0.09345914097856715,0.5344461832724743,0.0,0.0,0.2571191267204556,0.7428131957093707
327,FBgn0085452,FBgn0052119,0.0,0.0,0.0,0.002288329519450801,0.0,0.0,0.0,0.002980495288187596,0.0,0.0,0.0,0.02278338945005612
328,FBgn0028902,FBgn0053340,0.0,0.0,0.5813953488372093,0.7894736842105263,0.0,0.0,0.443752675895533,0.791698304226778,0.0,0.0,0.739045618247299,0.9449504148957701
329,FBgn0050430,FBgn0033868,0.0,0.0,0.4418604651162791,0.7688787185354691,0.0,0.0,0.34820968098430705,0.7455702398433676,0.0,0.0,0.5456268221574344,0.9706905753015264
330,FBgn0051533,FBgn0032869,0.0,0.0,0.30697674418604654,0.6750572082379863,0.0,0.0,0.30598266703941845,0.7561963999623033,0.0,0.0,0.9343202069560218,0.9824863623313236
331,FBgn0266798,FBgn0064119,0.0,0.0,0.0,0.14645308924485126,0.0,0.0,0.0,0.1679012345679012,0.0,0.0,0.0,0.32079012345679014
332,FBgn0052487,FBgn0038697,0.0,0.0,0.009302325581395349,0.2151029748283753,0.0,0.0,0.016644362663098027,0.24219001610305957,0.0,0.0,0.05025510204081633,0.4530389363722697
333,FBgn0014179,FBgn0004172,0.0,0.0,0.13023255813953488,0.5606407322654462,0.0,0.0,0.12579013906447534,0.5251379038613081,0.0,0.0,0.3026113671274962,0.7353441265616915
334,FBgn0029949,FBgn0040519,0.0,0.0,0.5627906976744186,0.6910755148741419,0.0,0.0,0.5609682229056006,0.7682753460531239,0.0,0.0,0.821738830667402,0.9703387147831593
335,FBgn0085452,FBgn0003187,0.0,0.0,0.0,0.004576659038901602,0.0,0.0,0.0,0.004653151997262852,0.0,0.0,0.0,0.04556677890011224
336,FBgn0036014,FBgn0004171,0.0,0.0,0.24651162790697675,0.6018306636155606,0.0,0.0,0.18365605627916695,0.5784894064370046,0.0,0.0,0.5073372206025267,0.8369821673525378
337,FBgn0250834,FBgn0034646,0.0,0.0,0.0,0.002288329519450801,0.0,0.0,0.0,0.0022386831275720163,0.0,0.0,0.0,0.020049382716049384
338,FBgn0034127,FBgn0034840,0.0,0.0,0.14883720930232558,0.5377574370709383,0.0,0.0,0.13370286386159402,0.5429833503227999,0.0,0.0,0.2455211092070416,0.8095541131050868
339,FBgn0051835,FBgn0033285,0.0,0.0,0.2186046511627907,0.5377574370709383,0.0,0.0,0.22942013343799056,0.5874460068008455,0.0,0.0,0.6471204920324295,0.9311472210022935
340,FBgn0031372,FBgn0051542,0.0,0.0,0.4697674418604651,0.6704805491990846,0.0,0.0,0.4219996640631561,0.7112539045069166,0.0,0.0,0.6042577745383868,0.8638925199709514
341,FBgn0052437,FBgn0033286,0.0,0.0,0.0,0.3340961098398169,0.0,0.0,0.0,0.30770184410351775,0.0,0.0,0.0,0.5807956104252401
342,FBgn0260231,FBgn0039518,0.0,0.0,0.0,0.006864988558352402,0.0,0.0,0.0,0.007317729351627657,0.0,0.0,0.0,0.024854606672788493
343,FBgn0034122,FBgn0033860,0.0,0.0,0.009302325581395349,0.43249427917620137,0.0,0.0,0.008604289173296437,0.398326359832636,0.0,0.0,0.021385149804602693,0.6151515151515152
344,FBgn0050366,FBgn0035007,0.0,0.0,0.0,0.05263157894736842,0.0,0.0,0.0,0.051261881350376924,0.0,0.0,0.0,0.4611358024691358
345,FBgn0250845,FBgn0046332,0.07692307692307693,0.07692307692307693,0.7674418604651163,0.8054919908466819,0.07142857142857142,0.07142857142857142,0.6204648526077098,0.8363382250174703,0.24615384615384617,0.24615384615384617,0.7897230320699709,0.9537003670337004
346,FBgn0051816,FBgn0262795,0.0,0.0,0.0,0.17391304347826086,0.0,0.0,0.0,0.17930436291092028,0.0,0.0,0.0,0.5602033405954975
347,FBgn0266459,FBgn0033868,0.0,0.0,0.4,0.5743707093821511,0.0,0.0,0.4138214527517168,0.6834034034034033,0.0,0.0,0.7085145533623286,0.9116657720522455
348,FBgn0262100,FBgn0051693,0.0,0.0,0.16744186046511628,0.6453089244851259,0.0,0.0,0.13291280148423007,0.5918518518518519,0.0,0.0,0.40655812886952536,0.9031830552597326
349,FBgn0034614,FBgn0038355,0.0,0.0,0.0,0.0,0.0,0.0,0.0,0.0,0.0,0.0,0.0,0.0
350,FBgn0029750,FBgn0035786,0.0,0.0,0.2,0.4439359267734554,0.0,0.0,0.212966650074664,0.4766757000903342,0.0,0.0,0.81546014632268,0.9723950617283951
351,FBgn0250845,FBgn0050325,0.0,0.0,0.0,0.02288329519450801,0.0,0.0,0.0,0.023212152244410308,0.0,0.0,0.0,0.13546880213546883
352,FBgn0267417,FBgn0037988,0.0,0.0,0.05581395348837209,0.4439359267734554,0.0,0.0,0.07384044526901669,0.5474426807760141,0.0,0.0,0.17230320699708454,0.7202926383173297
353,FBgn0050366,FBgn0085239,0.0,0.0,0.0,0.013729977116704805,0.0,0.0,0.0,0.022895622895622896,0.0,0.0,0.0,0.1202962962962963
354,FBgn0064912,FBgn0032471,0.0,0.0,0.22325581395348837,0.6224256292906178,0.0,0.0,0.1825269433616143,0.6328286716277478,0.0,0.0,0.44261374274480436,0.8441845354126056
355,FBgn0264360,FBgn0038281,0.0,0.0,0.0,0.0,0.0,0.0,0.0,0.0,0.0,0.0,0.0,0.0
356,FBgn0039398,FBgn0052436,0.0,0.0,0.28837209302325584,0.5034324942791762,0.0,0.0,0.3131790029444613,0.6190771777363956,0.0,0.0,0.877694739867778,0.988983003930687
357,FBgn0039398,FBgn0040859,0.0,0.0,0.06511627906976744,0.4073226544622426,0.0,0.0,0.0888392857142857,0.4551231434480166,0.0,0.0,0.1981891348088531,0.8001771577257377
358,FBgn0051482,FBgn0038423,0.0,0.0,0.5674418604651162,0.8787185354691075,0.0,0.0,0.4857543017206883,0.8355171586273098,0.0,0.0,0.839879787531451,0.9575824580799706
359,FBgn0038709,FBgn0263033,0.0,0.0,0.1813953488372093,0.5743707093821511,0.0,0.0,0.22371151850570736,0.6167299006323397,0.0,0.0,0.3881087088300667,0.8064735675846788
360,FBgn0052655,FBgn0250834,0.0,0.0,0.21395348837209302,0.5331807780320366,0.0,0.0,0.2763555126192489,0.5697231211794318,0.0,0.0,0.6900700578738959,0.9494931245608753
361,FBgn0031372,FBgn0034560,0.0,0.0,0.06511627906976744,0.4874141876430206,0.0,0.0,0.054252998909487454,0.4664734299516908,0.0,0.0,0.1302910052910053,0.7000850030358228
362,FBgn0032072,FBgn0033286,0.0,0.0,0.09767441860465116,0.4919908466819222,0.0,0.0,0.08264119601328904,0.4739444039225221,0.0,0.0,0.20898161244695898,0.7136783582699697
363,FBgn0050278,FBgn0051141,0.0,0.0,0.5116279069767442,0.7139588100686499,0.0,0.0,0.6069764862466726,0.8381629629629629,0.0,0.0,0.8250837648492233,0.9092161929371232
