"gene1","gene2","cor","p.adj","log10padj"
"FBgn0032269","FBgn0032471",0.99272241082298,9.58360995277603e-07,-6.01847087012214
"FBgn0031878","FBgn0032520",0.99308787915381,8.2133404774324e-07,-6.0854801734706
"FBgn0032065","FBgn0032650",0.995762932186488,1.89563678496062e-07,-6.72224487237694
"FBgn0032457","FBgn0032869",0.994308950311294,4.58840346484009e-07,-6.33833840096046
"FBgn0032269","FBgn0033285",0.992871736388826,9.00671747283567e-07,-6.04543346020649
"FBgn0032471","FBgn0033285",0.99537880317976,2.45865146143037e-07,-6.60930303250813
"FBgn0032360","FBgn0033287",0.992974672583942,8.62280576841559e-07,-6.06435139641767
"FBgn0033285","FBgn0033322",0.990676506526595,2.01202883713659e-06,-5.69636579910341
"FBgn0002865","FBgn0033330",0.991793450094168,1.37323531396622e-06,-5.86225503683421
"FBgn0032626","FBgn0033860",0.99056606360754,2.08420736687229e-06,-5.68105907337248
"FBgn0033279","FBgn0033863",0.990039813798168,2.45184196333349e-06,-5.61050752626786
"FBgn0032563","FBgn0033864",0.991311116989577,1.62928626420964e-06,-5.78800260381657
"FBgn0002865","FBgn0033868",0.993706045761043,6.20380899824028e-07,-6.20734158163329
"FBgn0033330","FBgn0033868",0.992399004188918,1.09162226916448e-06,-5.96192761327642
"FBgn0032457","FBgn0033969",0.996623318464142,9.60085281494666e-08,-7.01769018817133
"FBgn0032869","FBgn0033969",0.993381551834981,7.2119093163507e-07,-6.14194974280045
"FBgn0033285","FBgn0033969",0.99230271497928,1.13355387075806e-06,-5.94555783573418
"FBgn0033322","FBgn0033969",0.990556482409576,2.09054897018894e-06,-5.67973965483744
"FBgn0032424","FBgn0034105",0.992574264152646,1.01797387378478e-06,-5.99226336798816
"FBgn0032969","FBgn0034105",0.994410635528235,4.34715317676549e-07,-6.36179505669162
"FBgn0033864","FBgn0034105",0.995596915076089,2.12704124715099e-07,-6.6722240882654
"FBgn0032554","FBgn0034122",0.993585089943864,6.56779977091966e-07,-6.18258009579577
"FBgn0032650","FBgn0034129",0.992699967083813,9.67238663804631e-07,-6.01446635157926
"FBgn0002865","FBgn0034132",0.99053580552235,2.10427829150503e-06,-5.67689682513012
"FBgn0032457","FBgn0034132",0.991433723993448,1.5614273899125e-06,-5.8064782066906
"FBgn0032457","FBgn0034144",0.990776294199463,1.94826093700577e-06,-5.71035287707111
"FBgn0033287","FBgn0034144",0.992141808537436,1.20599282541909e-06,-5.91865527585272
"FBgn0033868","FBgn0034144",0.993871550125907,5.72787610882089e-07,-6.24200638417739
"FBgn0033969","FBgn0034144",0.990796390173231,1.93558371898556e-06,-5.71318803958287
"FBgn0033330","FBgn0034173",0.992995008345071,8.54827336974582e-07,-6.06812159775343
"FBgn0032520","FBgn0034467",0.990396332303717,2.1984571162447e-06,-5.65788200143838
"FBgn0002865","FBgn0034472",0.994813320046188,3.47470080751759e-07,-6.45908258481147
"FBgn0032061","FBgn0034472",0.992762446916672,9.42659573072484e-07,-6.02564511768575
"FBgn0032360","FBgn0034472",0.991650474301111,1.44611166819981e-06,-5.83979816968984
"FBgn0033330","FBgn0034472",0.992742279652332,9.50547230449389e-07,-6.02202629919418
"FBgn0032464","FBgn0034816",0.992448933078295,1.07029173314327e-06,-5.97049782901996
"FBgn0034467","FBgn0034827",0.993949579339513,5.51218623460818e-07,-6.25867611778832
"FBgn0000182","FBgn0034840",0.99198043060003,1.28167332475814e-06,-5.89222265448478
"FBgn0033512","FBgn0034840",0.992210904307147,1.17452047436981e-06,-5.93013940815132
"FBgn0033953","FBgn0034882",0.991977834694266,1.28291584203441e-06,-5.89180183196399
"FBgn0032360","FBgn0034907",0.991005484822962,1.80692016211074e-06,-5.74306103610578
"FBgn0032457","FBgn0034907",0.99416772945807,4.93800311342197e-07,-6.30644864058036
"FBgn0033287","FBgn0034907",0.990601484497293,2.06087408098244e-06,-5.68594854272108
"FBgn0033969","FBgn0034907",0.993223393430443,7.74046270603494e-07,-6.11123307747325
"FBgn0034144","FBgn0034907",0.991877325362987,1.33164262746203e-06,-5.87561231101069
"FBgn0032650","FBgn0035161",0.992933730650229,8.77417091581101e-07,-6.05679391004156
"FBgn0002865","FBgn0035197",0.998101748865114,1.70758569447688e-08,-7.76761749221183
"FBgn0033512","FBgn0035197",0.993225873335563,7.73198234321035e-07,-6.11170914639918
"FBgn0034472","FBgn0035197",0.990007393198192,2.4758019489066e-06,-5.60628409952962
"FBgn0034840","FBgn0035197",0.990747584664552,1.96646750305116e-06,-5.7063132261483
"FBgn0002865","FBgn0035198",0.998101748865114,1.70758569447688e-08,-7.76761749221183
"FBgn0033512","FBgn0035198",0.993225873335563,7.73198234321035e-07,-6.11170914639918
"FBgn0034472","FBgn0035198",0.990007393198192,2.4758019489066e-06,-5.60628409952962
"FBgn0034840","FBgn0035198",0.990747584664552,1.96646750305116e-06,-5.7063132261483
"FBgn0035197","FBgn0035198",1,2.2250738585072e-308,-307.652655568589
"FBgn0032664","FBgn0035316",0.9912424120196,1.66815586482232e-06,-5.77776337332071
"FBgn0032637","FBgn0035455",0.990374010681616,2.21378508317063e-06,-5.65486454322404
"FBgn0035161","FBgn0035568",0.993095878891173,8.18490558713329e-07,-6.08698632580898
"FBgn0034173","FBgn0035776",0.991110369724308,1.74458066103687e-06,-5.75830894605916
"FBgn0032464","FBgn0035786",0.992295936863138,1.13654528782731e-06,-5.94441325429745
"FBgn0034816","FBgn0035786",0.99092966491666,1.85289541580121e-06,-5.73214909315938
"FBgn0002865","FBgn0035823",0.996360617449232,1.20181316137946e-07,-6.92016304422096
"FBgn0035197","FBgn0035823",0.998420470353228,9.84030876845876e-09,-8.00699127409569
"FBgn0035198","FBgn0035823",0.998420470353228,9.84030876845876e-09,-8.00699127409569
"FBgn0033330","FBgn0035924",0.993719487504342,6.16420843402145e-07,-6.21012268464945
"FBgn0034472","FBgn0035924",0.991817124717686,1.36140909637064e-06,-5.86601135194622
"FBgn0032065","FBgn0035971",0.999574145632163,1.93012131450305e-10,-9.71441539329095
"FBgn0032650","FBgn0035971",0.998013263712525,1.95755212300613e-08,-7.70828666531979
"FBgn0035161","FBgn0035971",0.990081220020054,2.42146616801195e-06,-5.61592159440533
"FBgn0033279","FBgn0035988",0.991318988835758,1.62487165558215e-06,-5.78918093713049
"FBgn0033286","FBgn0036125",0.992607231891975,1.00450050820073e-06,-5.99804983919576
"FBgn0034472","FBgn0036311",0.991760899185987,1.38960681784675e-06,-5.85710806377083
"FBgn0036328","FBgn0036329",0.993314509618101,7.4329234247439e-07,-6.12884034135049
"FBgn0032072","FBgn0036426",0.995605018943614,2.11533128271657e-07,-6.67462160796314
"FBgn0035316","FBgn0036426",0.993233562365899,7.70572800134604e-07,-6.11318632488431
"FBgn0034844","FBgn0036438",0.990090425335787,2.41474728672447e-06,-5.61712831324533
"FBgn0032385","FBgn0036482",0.992294938692817,1.13698625812738e-06,-5.94424478426171
"FBgn0036482","FBgn0036490",0.991542086018808,1.5030408928375e-06,-5.82302920351683
"FBgn0033340","FBgn0036667",0.990762618137369,1.95691976135067e-06,-5.70842698114682
"FBgn0033286","FBgn0036784",0.994950039920846,3.20743239289014e-07,-6.49384248903072
"FBgn0033512","FBgn0036784",0.991297837111795,1.63675182067735e-06,-5.78601716730855
"FBgn0032563","FBgn0037101",0.990423622240962,2.17981357322163e-06,-5.66158064748862
"FBgn0033863","FBgn0037463",0.990026986542978,2.46130324210887e-06,-5.60883487623565
"FBgn0034824","FBgn0037463",0.991894899052584,1.32303563559495e-06,-5.87842845805451
"FBgn0034477","FBgn0037486",0.990913811660536,1.86260573778334e-06,-5.72987906352874
"FBgn0035008","FBgn0037486",0.993913844320942,5.61028182324942e-07,-6.25101532212924
"FBgn0034104","FBgn0037828",0.99730051633862,4.90797593551563e-08,-7.30909757534568
"FBgn0036329","FBgn0037828",0.99152361688072,1.5128877440946e-06,-5.82019329532706
"FBgn0037101","FBgn0037860",0.99194106523965,1.30060151984528e-06,-5.88585574282386
"FBgn0035568","FBgn0037862",0.990303165000017,2.26290433109764e-06,-5.64533380634339
"FBgn0002865","FBgn0037985",0.992288556122275,1.1398086328067e-06,-5.94316805804291
"FBgn0033330","FBgn0037985",0.990677474143622,2.01140392546427e-06,-5.69650070663594
"FBgn0033868","FBgn0037985",0.991290727560358,1.64075793691919e-06,-5.78495548623187
"FBgn0035197","FBgn0037985",0.992477984098699,1.05800919551575e-06,-5.97551055768421
"FBgn0035198","FBgn0037985",0.992477984098699,1.05800919551575e-06,-5.97551055768421
"FBgn0032360","FBgn0037988",0.995121339831671,2.89235284194393e-07,-6.53874872798814
"FBgn0032637","FBgn0038000",0.99089088994845,1.87670533942077e-06,-5.72660391038839
"FBgn0032457","FBgn0038200",0.994222731173147,4.79981011253131e-07,-6.31877594360589
"FBgn0037454","FBgn0038208",0.993397211522838,7.16092307229995e-07,-6.14503099174699
"FBgn0033248","FBgn0038210",0.990076460202782,2.42494518878822e-06,-5.61529807334042
"FBgn0034560","FBgn0038280",0.993758431526851,6.0504265613889e-07,-6.21821400605382
"FBgn0033969","FBgn0038281",0.990720372832162,1.9838284099462e-06,-5.70249589459929
"FBgn0034144","FBgn0038281",0.990123603022809,2.39063405548143e-06,-5.62148689809934
"FBgn0034907","FBgn0038281",0.990619885195761,2.04882160674874e-06,-5.68849585447214
"FBgn0032457","FBgn0038423",0.992061351813576,1.24334111352856e-06,-5.90540970530887
"FBgn0034816","FBgn0038423",0.990840254219155,1.90810363054755e-06,-5.71939804213047
"FBgn0037862","FBgn0038423",0.992983190079461,8.59153596904787e-07,-6.06592918736194
"FBgn0038200","FBgn0038423",0.996157166495458,1.41462777484142e-07,-6.84935781921982
"FBgn0033322","FBgn0038486",0.99157132868484,1.48753746607888e-06,-5.82753208704048
"FBgn0034824","FBgn0038630",0.997663340715757,3.18393924484932e-08,-7.49703522795649
"FBgn0037502","FBgn0038690",0.991155786400055,1.71803681239432e-06,-5.76496753477228
"FBgn0000182","FBgn0038694",0.990725255278576,1.98070597875091e-06,-5.70317998750185
"FBgn0034467","FBgn0038694",0.991521254899248,1.51415012475812e-06,-5.81983106332881
"FBgn0033279","FBgn0038706",0.994121973642372,5.05496355048276e-07,-6.29628197160241
"FBgn0035915","FBgn0038706",0.991581600430115,1.48211710333316e-06,-5.82911748102457
"FBgn0035988","FBgn0038706",0.992939130611943,8.75410646417613e-07,-6.05778817596336
"FBgn0034824","FBgn0038708",0.996811984379652,8.08094866153422e-08,-7.09253765230891
"FBgn0038630","FBgn0038708",0.997807860459158,2.6292403964199e-08,-7.58016970371273
"FBgn0032588","FBgn0038709",0.99243014182858,1.07828683849959e-06,-5.96726569572891
"FBgn0034082","FBgn0039010",0.991597479052789,1.47376389281338e-06,-5.83157208788922
"FBgn0035007","FBgn0039070",0.990649006104411,2.02984334011689e-06,-5.69253747890855
"FBgn0002865","FBgn0039071",0.990232617984642,2.31253141305654e-06,-5.63591235916214
"FBgn0033512","FBgn0039071",0.995310507270389,2.56914661387038e-07,-6.59021111107892
"FBgn0034840","FBgn0039071",0.992278897659376,1.14408846656772e-06,-5.94154039245145
"FBgn0035005","FBgn0039071",0.990241572897616,2.30619227234062e-06,-5.63710448744221
"FBgn0035197","FBgn0039071",0.990390788459219,2.20225739238043e-06,-5.65713192353058
"FBgn0035198","FBgn0039071",0.990390788459219,2.20225739238043e-06,-5.65713192353058
"FBgn0034816","FBgn0039088",0.990457087085299,2.15709545198122e-06,-5.66613063683926
"FBgn0036497","FBgn0039088",0.990798567152048,1.93421371034118e-06,-5.71349554261379
"FBgn0038359","FBgn0039088",0.990793689449832,1.93728422554443e-06,-5.71280665778882
"FBgn0002865","FBgn0039104",0.993632009024165,6.42496586104635e-07,-6.19212917560734
"FBgn0033512","FBgn0039104",0.990250126929257,2.30014771539781e-06,-5.63824427271189
"FBgn0033868","FBgn0039104",0.994326562203478,4.54599660996326e-07,-6.34237089247264
"FBgn0034144","FBgn0039104",0.99373526373605,6.11794531789698e-07,-6.21339440905153
"FBgn0034472","FBgn0039104",0.990705555958541,1.99332416382913e-06,-5.70042206852769
"FBgn0035197","FBgn0039104",0.992867963822334,9.02099961588583e-07,-6.04474533567208
"FBgn0035198","FBgn0039104",0.992867963822334,9.02099961588583e-07,-6.04474533567208
"FBgn0039071","FBgn0039104",0.990024070290924,2.46345762763606e-06,-5.6084549033473
"FBgn0002865","FBgn0039190",0.992153051493028,1.20083402860851e-06,-5.92051701377985
"FBgn0034132","FBgn0039190",0.996829361411599,7.94962998433283e-08,-7.09965308511739
"FBgn0034840","FBgn0039190",0.994918334448282,3.2681468796921e-07,-6.48569843328824
"FBgn0039071","FBgn0039190",0.994270638743853,4.68155988878778e-07,-6.32960941653751
"FBgn0031886","FBgn0039218",0.990329353908235,2.24466329944341e-06,-5.648848794153
"FBgn0032374","FBgn0039246",0.995257347917466,2.65740497316694e-07,-6.57554225657592
"FBgn0038210","FBgn0039246",0.993296515291487,7.49300198831637e-07,-6.12534415215904
"FBgn0032065","FBgn0039366",0.999198380300578,1.28701619397412e-09,-8.89041598851958
"FBgn0032650","FBgn0039366",0.991294524576678,1.63861756963447e-06,-5.78552239284633
"FBgn0035971","FBgn0039366",0.997604693917265,3.42959259155159e-08,-7.46475746763941
"FBgn0032065","FBgn0039367",0.999198380300578,1.28701619397412e-09,-8.89041598851958
"FBgn0032650","FBgn0039367",0.991294524576678,1.63861756963447e-06,-5.78552239284633
"FBgn0035971","FBgn0039367",0.997604693917265,3.42959259155159e-08,-7.46475746763941
"FBgn0039366","FBgn0039367",1,2.2250738585072e-308,-307.652655568589
"FBgn0032312","FBgn0039395",0.997124328773494,5.93226532300413e-08,-7.22677943321012
"FBgn0034459","FBgn0003187",0.995748316431538,1.91530048819755e-07,-6.71776308063606
"FBgn0032457","FBgn0004171",0.994960564337172,3.18744592227802e-07,-6.49655717466951
"FBgn0032869","FBgn0004171",0.995705559481308,1.97360366526194e-07,-6.70474005697112
"FBgn0033285","FBgn0004171",0.991805546689357,1.36718418275245e-06,-5.86417297470443
"FBgn0033286","FBgn0004171",0.994590685560398,3.94096968801671e-07,-6.4043969054992
"FBgn0033969","FBgn0004171",0.99603484566837,1.55391716828542e-07,-6.80857213503017
"FBgn0036784","FBgn0004171",0.996817321359344,8.04046442365552e-08,-7.09471886533045
"FBgn0038423","FBgn0004171",0.991474396551516,1.53933901315384e-06,-5.81266572368496
"FBgn0032090","FBgn0004172",0.992175439782116,1.19060500036139e-06,-5.92423229780913
"FBgn0037826","FBgn0004172",0.992343327751207,1.11573972210587e-06,-5.95243710507293
"FBgn0038486","FBgn0004174",0.99496153371915,3.18560919226943e-07,-6.49680750413167
"FBgn0033286","FBgn0004175",0.991758716306606,1.39070932046833e-06,-5.85676363471593
"FBgn0033512","FBgn0004175",0.990472767219732,2.14650515254763e-06,-5.66826806468731
"FBgn0039071","FBgn0004175",0.994829676045511,3.44197464505335e-07,-6.46319233318161
"FBgn0039190","FBgn0004175",0.993031891250539,8.41419046212013e-07,-6.07498766159504
"FBgn0004171","FBgn0004175",0.991713700098042,1.41357550022305e-06,-5.84968099053167
"FBgn0032039","FBgn0039694",0.990376216417629,2.2122672784377e-06,-5.65516240424876
"FBgn0034560","FBgn0039694",0.994365622392259,4.45287814676132e-07,-6.35135918919692
"FBgn0036438","FBgn0039707",0.990737012890245,1.97320014643122e-06,-5.70482886098089
"FBgn0038209","FBgn0039707",0.99209238802243,1.22884417683026e-06,-5.91050318418696
"FBgn0038355","FBgn0039792",0.996653092287314,9.34932859704457e-08,-7.0292195759797
"FBgn0039707","FBgn0039792",0.993053973117857,8.33458860333643e-07,-6.07911583215395
"FBgn0036329","FBgn0039797",0.99385482140019,5.77483751171409e-07,-6.2384602311343
"FBgn0038355","FBgn0039797",0.991249812637047,1.66393966608799e-06,-5.7788624251367
"FBgn0034472","FBgn0040371",0.991841107489584,1.34949823451809e-06,-5.86982767927312
"FBgn0039104","FBgn0040371",0.992880202577081,8.97472105740926e-07,-6.0469790408121
"FBgn0036438","FBgn0040510",0.993701751069051,6.21649714169833e-07,-6.20645426170023
"FBgn0002865","FBgn0040519",0.990035571942208,2.45496804020593e-06,-5.60995415733024
"FBgn0034840","FBgn0040519",0.99250697143814,1.04584742527704e-06,-5.98053166842611
"FBgn0035197","FBgn0040519",0.993682564190007,6.27339341295636e-07,-6.20249747641634
"FBgn0035198","FBgn0040519",0.993682564190007,6.27339341295636e-07,-6.20249747641634
"FBgn0037985","FBgn0040519",0.990327455390018,2.24598235096674e-06,-5.64859366076729
"FBgn0038163","FBgn0040519",0.994803244241458,3.49496389595944e-07,-6.45655730628928
"FBgn0039104","FBgn0040519",0.993945638042234,5.52294895269118e-07,-6.25782897083879
"FBgn0034646","FBgn0040575",0.991432763278831,1.56195166594974e-06,-5.80633240934226
"FBgn0034454","FBgn0040733",0.995339727512679,2.5214755061094e-07,-6.59834524626876
"FBgn0036877","FBgn0040763",0.991116656701986,1.74089007404337e-06,-5.75922865090656
"FBgn0002865","FBgn0040963",0.993253459977675,7.63806279996483e-07,-6.11701677518945
"FBgn0033512","FBgn0040963",0.994011468602127,5.34500806623837e-07,-6.27205163505386
"FBgn0034472","FBgn0040963",0.990444180567812,2.16583848918686e-06,-5.66437393269233
"FBgn0035197","FBgn0040963",0.99057264639116,2.07985777718131e-06,-5.68196636152625
"FBgn0035198","FBgn0040963",0.99057264639116,2.07985777718131e-06,-5.68196636152625
"FBgn0036311","FBgn0040963",0.990393225915495,2.20058599127369e-06,-5.65746165604629
"FBgn0039071","FBgn0040963",0.994384019865856,4.40946251930643e-07,-6.35561434457415
"FBgn0039190","FBgn0040963",0.993241818851791,7.6776022052679e-07,-6.11477439346016
"FBgn0004175","FBgn0040963",0.997355987668547,4.61178262732467e-08,-7.33613117101702
"FBgn0032424","FBgn0040989",0.995878637044882,1.74469378930104e-07,-6.75828078491472
"FBgn0039088","FBgn0040996",0.996031686551335,1.5576305422955e-07,-6.80753554568143
"FBgn0002865","FBgn0041102",0.993127749917248,8.07227117692146e-07,-6.09300425699632
"FBgn0033330","FBgn0041102",0.993729375063767,6.13518646276159e-07,-6.21217223350457
"FBgn0033868","FBgn0041102",0.99206215324566,1.24296534287648e-06,-5.90554098045517
"FBgn0034173","FBgn0041102",0.990428516123001,2.17648140091711e-06,-5.66224503974645
"FBgn0034472","FBgn0041102",0.992865393821264,9.03073772484383e-07,-6.04427677053455
"FBgn0004173","FBgn0042198",0.990238924252106,2.30806603091986e-06,-5.63675177070958
"FBgn0034173","FBgn0045770",0.990452316262623,2.16032452722618e-06,-5.66548100357273
"FBgn0037985","FBgn0045770",0.992534357245099,1.03444337800885e-06,-5.98529327618365
"FBgn0038163","FBgn0045770",0.990670899300249,2.01565266886023e-06,-5.69558430208422
"FBgn0040859","FBgn0045827",0.994779037328803,3.54396676963903e-07,-6.4505103589718
"FBgn0002865","FBgn0046294",0.990987376037434,1.81783107662498e-06,-5.74044647639357
"FBgn0033512","FBgn0046294",0.99458102644838,3.96209016213203e-07,-6.40207564579119
"FBgn0034840","FBgn0046294",0.995295145186149,2.59444790521787e-07,-6.58595504522481
"FBgn0035197","FBgn0046294",0.992874933788885,8.99462457653379e-07,-6.04601695880451
"FBgn0035198","FBgn0046294",0.992874933788885,8.99462457653379e-07,-6.04601695880451
"FBgn0035823","FBgn0046294",0.990135873054222,2.38175703670425e-06,-5.62310254302133
"FBgn0038694","FBgn0046294",0.992632181442189,9.94383304617625e-07,-6.00244617597271
"FBgn0039071","FBgn0046294",0.990833770151396,1.91214933790217e-06,-5.71847819255461
"FBgn0039190","FBgn0046294",0.994932983296128,3.24000080791644e-07,-6.48945488149906
"FBgn0040963","FBgn0046294",0.993856230671501,5.77087151203872e-07,-6.23875859511324
"FBgn0033285","FBgn0046297",0.991542462458265,1.5028406381605e-06,-5.82308706973706
"FBgn0033286","FBgn0046297",0.991985295344354,1.27934699586847e-06,-5.89301164633277
"FBgn0036784","FBgn0046297",0.992255207514062,1.15463123215724e-06,-5.93755669924506
"FBgn0004171","FBgn0046297",0.991874142607754,1.33320540539611e-06,-5.87510293418872
"FBgn0038355","FBgn0046332",0.991886730937004,1.32703148082017e-06,-5.87711877435914
"FBgn0039792","FBgn0046332",0.992777648896856,9.36742774223555e-07,-6.02837964824958
"FBgn0033286","FBgn0047351",0.995919970626693,1.69277788808163e-07,-6.77140002258138
"FBgn0036784","FBgn0047351",0.99558044097207,2.1509789875992e-07,-6.66736383211105
"FBgn0037826","FBgn0047351",0.991650453165491,1.44612262710643e-06,-5.83979487853692
"FBgn0004171","FBgn0047351",0.994948039497913,3.21124072332321e-07,-6.49332713731971
"FBgn0004172","FBgn0047351",0.991442073734301,1.55687574320621e-06,-5.80774604780009
"FBgn0032626","FBgn0050039",0.990800203896005,1.93318410524888e-06,-5.71372678431274
"FBgn0033860","FBgn0050039",0.996194297135572,1.37405531699919e-07,-6.8619957830087
"FBgn0034826","FBgn0050039",0.992881686887687,8.96911918126647e-07,-6.04725020506053
"FBgn0034472","FBgn0050278",0.990495542234853,2.1311846735972e-06,-5.67137891572493
"FBgn0032519","FBgn0050362",0.991535674261051,1.50645448530727e-06,-5.82204398518445
"FBgn0050364","FBgn0050365",1,2.2250738585072e-308,-307.652655568589
"FBgn0050363","FBgn0050366",1,2.2250738585072e-308,-307.652655568589
"FBgn0033888","FBgn0050369",0.990145410392526,2.37487220501086e-06,-5.62435975536621
"FBgn0039373","FBgn0050369",0.992324743804416,1.12386797709639e-06,-5.94928470316743
"FBgn0002865","FBgn0050376",0.992895548588935,8.9169165921006e-07,-6.04978529568402
"FBgn0033330","FBgn0050376",0.995702635894823,1.97763286063339e-07,-6.70385433023146
"FBgn0033868","FBgn0050376",0.996566667579141,1.0091798998593e-07,-6.99603140804261
"FBgn0035197","FBgn0050376",0.992400408961085,1.09101829157533e-06,-5.96216796814343
"FBgn0035198","FBgn0050376",0.992400408961085,1.09101829157533e-06,-5.96216796814343
"FBgn0037985","FBgn0050376",0.990041174273186,2.45083990901625e-06,-5.61068505631282
"FBgn0039104","FBgn0050376",0.994189277046109,4.88355312333428e-07,-6.31126408366027
"FBgn0040519","FBgn0050376",0.990268852865306,2.28695215775621e-06,-5.64074292058775
"FBgn0041102","FBgn0050376",0.993400058331231,7.15168002168327e-07,-6.14559192485056
"FBgn0035005","FBgn0050378",0.995074845672124,2.97573278291906e-07,-6.52640607047635
"FBgn0032360","FBgn0050412",0.994862045906112,3.37781315232054e-07,-6.47136437760707
"FBgn0033953","FBgn0050412",0.992242778114508,1.16018841931732e-06,-5.93547147385522
"FBgn0037988","FBgn0050412",0.99530145178466,2.58404098334389e-07,-6.58770060263556
"FBgn0050461","FBgn0050462",1,2.2250738585072e-308,-307.652655568589
"FBgn0037222","FBgn0050485",0.992041592070711,1.25262986441575e-06,-5.90217723833457
"FBgn0036497","FBgn0050487",0.996197369671796,1.3707331332277e-07,-6.86304708937387
"FBgn0033862","FBgn0051007",0.990623311970132,2.04658225742498e-06,-5.68897079525138
"FBgn0032424","FBgn0051010",0.990584689125256,2.07191614520971e-06,-5.68362782537934
"FBgn0032969","FBgn0051010",0.992041639322057,1.2526075973966e-06,-5.90218495851575
"FBgn0034105","FBgn0051010",0.994279926923529,4.65886070415444e-07,-6.33172027438145
"FBgn0034173","FBgn0051029",0.992917405448873,8.83501597436423e-07,-6.05379266091987
"FBgn0045770","FBgn0051029",0.997303014737069,4.89437058465638e-08,-7.31030315047704
"FBgn0037826","FBgn0051139",0.995724937204522,1.94703601067862e-07,-6.71062601607402
"FBgn0004172","FBgn0051139",0.99289505923731,8.91875601794779e-07,-6.04969571650014
"FBgn0004174","FBgn0051139",0.996222733724683,1.34351235240557e-07,-6.87175833625953
"FBgn0036311","FBgn0051141",0.990364688218675,2.22020767867041e-06,-5.65360639965654
"FBgn0046332","FBgn0051141",0.992352067884977,1.11193052113817e-06,-5.95392234875126
"FBgn0033322","FBgn0051226",0.990099199768258,2.40835445506481e-06,-5.61827959442829
"FBgn0034144","FBgn0051226",0.990733830436112,1.97522989308068e-06,-5.70438235042437
"FBgn0036497","FBgn0051294",0.991554561063715,1.49641398560136e-06,-5.8249482415049
"FBgn0034132","FBgn0051327",0.990445351878794,2.16504405782096e-06,-5.6645332614936
"FBgn0037388","FBgn0051327",0.994354735729307,4.47870277048629e-07,-6.34884775859147
"FBgn0039707","FBgn0051482",0.995398391530618,2.42755429240361e-07,-6.61483104828808
"FBgn0038208","FBgn0051533",0.992528413840809,1.03691127479187e-06,-5.98425840322216
"FBgn0002865","FBgn0051542",0.996145102930278,1.42797925950978e-07,-6.84527810036507
"FBgn0032360","FBgn0051542",0.991635265801571,1.45401163017948e-06,-5.83743211967879
"FBgn0034472","FBgn0051542",0.998466415334026,9.00665705371703e-09,-8.04543637356288
"FBgn0035197","FBgn0051542",0.992272842675161,1.14677698110636e-06,-5.9405210330946
"FBgn0035198","FBgn0051542",0.992272842675161,1.14677698110636e-06,-5.9405210330946
"FBgn0036311","FBgn0051542",0.994036364936767,5.27872061718547e-07,-6.27747132296315
"FBgn0039104","FBgn0051542",0.991746924396131,1.39667510150911e-06,-5.8549046089411
"FBgn0004175","FBgn0051542",0.991780354422489,1.37980627463708e-06,-5.86018188444084
"FBgn0040371","FBgn0051542",0.992809552796418,9.24405846869366e-07,-6.03413731627052
"FBgn0040963","FBgn0051542",0.995962481795078,1.64046683742264e-07,-6.78503254459517
"FBgn0041102","FBgn0051542",0.99012067792468,2.39275352350831e-06,-5.6211020355668
"FBgn0032464","FBgn0051639",0.991720503835565,1.41010358763921e-06,-5.85074898245977
"FBgn0033512","FBgn0051639",0.993543392458214,6.69649801689568e-07,-6.17415225544088
"FBgn0046294","FBgn0051639",0.990636690512135,2.03785515068237e-06,-5.69082668858033
"FBgn0037860","FBgn0051644",0.992700444013785,9.67049446399711e-07,-6.01455131935078
"FBgn0034127","FBgn0051693",0.992923872433816,8.81087964151154e-07,-6.05498073127194
"FBgn0034842","FBgn0051693",0.990443388422228,2.16637586483388e-06,-5.66426619135714
"FBgn0032969","FBgn0051730",0.993979377355412,5.43126659307317e-07,-6.26509887939131
"FBgn0033861","FBgn0051730",0.992193098217048,1.18257802586227e-06,-5.92717019512841
"FBgn0037388","FBgn0051735",0.995963434176978,1.63930740911413e-07,-6.78533959825172
"FBgn0051327","FBgn0051735",0.992841289429086,9.12241349894735e-07,-6.03989024603489
"FBgn0032457","FBgn0051740",0.992371938837128,1.10330241223708e-06,-5.95730543228804
"FBgn0032869","FBgn0051740",0.996336789676047,1.22555166014173e-07,-6.9116683774012
"FBgn0033285","FBgn0051740",0.990209448563251,2.32898669090268e-06,-5.63283299325323
"FBgn0033286","FBgn0051740",0.992856497018277,9.06450303148045e-07,-6.04265600145288
"FBgn0033969","FBgn0051740",0.996199276915605,1.36867361693793e-07,-6.86370010428558
"FBgn0036784","FBgn0051740",0.990377823939759,2.21116155101209e-06,-5.65537952601016
"FBgn0004171","FBgn0051740",0.997316608052507,4.82078649615674e-08,-7.31688210220176
"FBgn0004175","FBgn0051740",0.993701446235393,6.21739839146888e-07,-6.20639130350635
"FBgn0050369","FBgn0051740",0.992305268149185,1.13242842835761e-06,-5.9459892366896
"FBgn0036014","FBgn0051788",0.99071605689665,1.98659126962569e-06,-5.70189147743256
"FBgn0035069","FBgn0051816",0.991502747334951,1.5240659118056e-06,-5.81699625050661
"FBgn0032424","FBgn0051820",0.992489127567886,1.05332283030711e-06,-5.9774385025719
"FBgn0033285","FBgn0051820",0.991414904437325,1.57171882999599e-06,-5.80362514373106
"FBgn0033322","FBgn0051820",0.990390044245355,2.2027678794134e-06,-5.65703126499229
"FBgn0034105","FBgn0051820",0.99062414098398,2.04604075307987e-06,-5.6890857202517
"FBgn0034882","FBgn0051835",0.99301691832249,8.46845248117204e-07,-6.07219594507561
"FBgn0035915","FBgn0051870",0.990236390467852,2.30985947929093e-06,-5.6364144396857
"FBgn0050364","FBgn0051921",0.990265555153171,2.28927228622131e-06,-5.6403025492343
"FBgn0050365","FBgn0051921",0.990265555153171,2.28927228622131e-06,-5.6403025492343
"FBgn0035786","FBgn0051948",0.992881211505181,8.97091304964649e-07,-6.04716335269246
"FBgn0036329","FBgn0051948",0.99176524403053,1.38741410653458e-06,-5.85779389412438
"FBgn0038355","FBgn0051948",0.993127589635011,8.07283502868306e-07,-6.09297392239143
"FBgn0039797","FBgn0051948",0.998685595709792,5.67150977790887e-09,-8.24630131484014
"FBgn0035709","FBgn0051949",0.992035475584418,1.25551445962917e-06,-5.90117828119797
"FBgn0032869","FBgn0051988",0.990706879555197,1.99247467775205e-06,-5.70060718932078
"FBgn0034132","FBgn0051988",0.990990126595282,1.81617099431597e-06,-5.74084326463
"FBgn0034907","FBgn0051988",0.990568962130572,2.08229141631476e-06,-5.68145849113626
"FBgn0039190","FBgn0051988",0.993570865417449,6.61151666905324e-07,-6.17969890277686
"FBgn0033330","FBgn0052026",0.991113261059059,1.74288274158599e-06,-5.75873183055793
"FBgn0050376","FBgn0052026",0.996444652794611,1.12053981955773e-07,-6.95057270574479
"FBgn0002865","FBgn0052061",0.992149337242243,1.20253667414746e-06,-5.91990166993376
"FBgn0032457","FBgn0052061",0.990431778392547,2.17426205238603e-06,-5.66268811386214
"FBgn0033286","FBgn0052061",0.99001355906386,2.47123321728132e-06,-5.60708626706294
"FBgn0033512","FBgn0052061",0.991352541206115,1.60614438677624e-06,-5.79421541574379
"FBgn0034144","FBgn0052061",0.990689623154879,2.00356876739232e-06,-5.69819574692407
"FBgn0034472","FBgn0052061",0.991354246855609,1.6051962323487e-06,-5.79447186829534
"FBgn0034907","FBgn0052061",0.992555000545367,1.02590196899894e-06,-5.98889413664805
"FBgn0036784","FBgn0052061",0.990454480252558,2.15885945798926e-06,-5.66577562936861
"FBgn0039071","FBgn0052061",0.992768318882689,9.40371192401559e-07,-6.02670068364394
"FBgn0039104","FBgn0052061",0.994019283800651,5.32414048735054e-07,-6.2737504933784
"FBgn0039190","FBgn0052061",0.990970988813257,1.82774240860355e-06,-5.73808501123068
"FBgn0004171","FBgn0052061",0.99207872705182,1.23521124590268e-06,-5.90825876298369
"FBgn0004175","FBgn0052061",0.997073619906546,6.25141799872131e-08,-7.20402146118857
"FBgn0040963","FBgn0052061",0.995770382238671,1.88566559257739e-07,-6.72453532335658
"FBgn0051542","FBgn0052061",0.994748712780952,3.60599648651292e-07,-6.44297470076636
"FBgn0051740","FBgn0052061",0.992970165408892,8.63938330556152e-07,-6.06351725712185
"FBgn0033330","FBgn0052064",0.992119383929792,1.21632628353156e-06,-5.91494990850948
"FBgn0033868","FBgn0052064",0.992608400161797,1.00402524561782e-06,-5.99825536697719
"FBgn0037985","FBgn0052064",0.992213712622463,1.17325300969114e-06,-5.93060832303869
"FBgn0051029","FBgn0052064",0.991307730372824,1.63118796410852e-06,-5.78749599170548
"FBgn0002865","FBgn0052119",0.991401023347387,1.57933852519388e-06,-5.80152477064654
"FBgn0033512","FBgn0052119",0.990937784350925,1.8479352237934e-06,-5.73331325629889
"FBgn0035197","FBgn0052119",0.996054413438802,1.53104758144068e-07,-6.81501131221747
"FBgn0035198","FBgn0052119",0.996054413438802,1.53104758144068e-07,-6.81501131221747
"FBgn0035823","FBgn0052119",0.993458541472312,6.96354928456251e-07,-6.1571693463373
"FBgn0039104","FBgn0052119",0.99223642768721,1.16303455284699e-06,-5.93440738253048
"FBgn0040519","FBgn0052119",0.991044352517453,1.78364884868605e-06,-5.74869064216214
"FBgn0050376","FBgn0052119",0.992230159616711,1.16584832757969e-06,-5.93335794595759
"FBgn0052026","FBgn0052119",0.99328123484071,7.54427263042561e-07,-6.12238262571213
"FBgn0034842","FBgn0052192",0.992365986378275,1.10588232127656e-06,-5.9562910845497
"FBgn0046793","FBgn0052192",0.992528563555997,1.03684906007575e-06,-5.98428446168944
"FBgn0036162","FBgn0052240",0.991070722936837,1.76797410413373e-06,-5.75252410047351
"FBgn0051639","FBgn0052240",0.993140779057127,8.0265239897345e-07,-6.09547249194555
"FBgn0052298","FBgn0052299",1,2.2250738585072e-308,-307.652655568589
"FBgn0051624","FBgn0052351",0.995435552191535,2.36928235869298e-07,-6.62538317924558
"FBgn0002865","FBgn0052371",0.992921188798516,8.8208902760264e-07,-6.05448758012289
"FBgn0033330","FBgn0052371",0.994094295011238,5.12660258980278e-07,-6.29017034742115
"FBgn0033868","FBgn0052371",0.990279809101155,2.27925505039033e-06,-5.64220707421434
"FBgn0035197","FBgn0052371",0.993985869783901,5.41374128793088e-07,-6.26650250215041
"FBgn0035198","FBgn0052371",0.993985869783901,5.41374128793088e-07,-6.26650250215041
"FBgn0035823","FBgn0052371",0.993077396429633,8.25070050244863e-07,-6.08350917733699
"FBgn0039104","FBgn0052371",0.991976551081381,1.28353053290907e-06,-5.89159379577617
"FBgn0040519","FBgn0052371",0.990344996043562,2.23381506795327e-06,-5.65095278390254
"FBgn0041102","FBgn0052371",0.991733436174385,1.40351992998719e-06,-5.85278141600282
"FBgn0050376","FBgn0052371",0.99584899315797,1.78257291634331e-07,-6.74895269624869
"FBgn0052026","FBgn0052371",0.99511608627416,2.90169529588736e-07,-6.53734819433194
"FBgn0052119","FBgn0052371",0.995050295686905,3.02039787341406e-07,-6.51993584417969
"FBgn0032061","FBgn0052436",0.991742480584034,1.39892773101958e-06,-5.85420472069766
"FBgn0046332","FBgn0052436",0.994983895903493,3.1434339904025e-07,-6.50259565505451
"FBgn0051141","FBgn0052436",0.995998504720517,1.5969916720373e-07,-6.79669734860646
"FBgn0032374","FBgn0052437",0.995575462615179,2.1582479376425e-07,-6.66589866541549
"FBgn0038123","FBgn0052440",0.990324672002487,2.24791712326144e-06,-5.64821970447919
"FBgn0033954","FBgn0052445",0.994115960999197,5.07046870343018e-07,-6.29495189354537
"FBgn0032588","FBgn0052450",0.993990537555567,5.40116464923891e-07,-6.26751258347311
"FBgn0037862","FBgn0052450",0.992097685434608,1.22638106078471e-06,-5.91137456498685
"FBgn0038200","FBgn0052450",0.993432787620383,7.04598400188192e-07,-6.15205834723231
"FBgn0034129","FBgn0052487",0.992694489237124,9.69413713896022e-07,-6.01349084078487
"FBgn0032065","FBgn0052488",0.996528013911068,1.0436199007244e-07,-6.9814576479578
"FBgn0032650","FBgn0052488",0.999465937698285,3.80663999836837e-10,-9.41945819334977
"FBgn0034129","FBgn0052488",0.990815847558626,1.92336173767799e-06,-5.71593902782439
"FBgn0035161","FBgn0052488",0.992623549457773,9.97875920890641e-07,-6.00092345693168
"FBgn0035971","FBgn0052488",0.998297682974915,1.23170496215986e-08,-7.90949330893375
"FBgn0039366","FBgn0052488",0.992713014349391,9.6207116196759e-07,-6.01679280311102
"FBgn0039367","FBgn0052488",0.992713014349391,9.6207116196759e-07,-6.01679280311102
"FBgn0035915","FBgn0052548",0.99405897077269,5.21900777469363e-07,-6.28241205618075
"FBgn0051870","FBgn0052548",0.995769665440944,1.88662343644455e-07,-6.72431477487168
"FBgn0032626","FBgn0052591",0.995124842503275,2.88613514748853e-07,-6.53968333629371
"FBgn0034827","FBgn0052591",0.990400034302703,2.19592184560106e-06,-5.65838312079216
"FBgn0037040","FBgn0052591",0.990194828344812,2.33941015766336e-06,-5.63089362872795
"FBgn0039518","FBgn0052591",0.991686374206441,1.42757705161346e-06,-5.84540044197005
"FBgn0050039","FBgn0052591",0.993968880944127,5.45967984207522e-07,-6.26283282375987
"FBgn0002865","FBgn0052652",0.996222174475608,1.3441086237249e-07,-6.87156563248898
"FBgn0033330","FBgn0052652",0.991222868629956,1.67932405991617e-06,-5.77486548977414
"FBgn0033512","FBgn0052652",0.992222390188184,1.16934235306072e-06,-5.93205832008034
"FBgn0034472","FBgn0052652",0.991952257123978,1.29520129421344e-06,-5.88766273029122
"FBgn0035197","FBgn0052652",0.99727506508742,5.04801244301035e-08,-7.29687958325598
"FBgn0035198","FBgn0052652",0.99727506508742,5.04801244301035e-08,-7.29687958325598
"FBgn0035823","FBgn0052652",0.995822809704615,1.81648240804814e-07,-6.74076880376032
"FBgn0037985","FBgn0052652",0.990248063557377,2.30160479567741e-06,-5.63796924621068
"FBgn0040963","FBgn0052652",0.991940381256947,1.30093203497994e-06,-5.88574539183518
"FBgn0046294","FBgn0052652",0.991954726773776,1.29401166960861e-06,-5.88806180711108
"FBgn0051542","FBgn0052652",0.99322507613084,7.73470781522821e-07,-6.11155608747603
"FBgn0051639","FBgn0052652",0.993029466759687,8.42296109089628e-07,-6.07453520548774
"FBgn0052119","FBgn0052652",0.995589573939465,2.13768627096697e-07,-6.67005603195489
"FBgn0052371","FBgn0052652",0.994464099011845,4.22376788006287e-07,-6.37429995675686
"FBgn0002862","FBgn0052655",0.991264652620789,1.65550656361281e-06,-5.78106909305436
"FBgn0037388","FBgn0052720",0.99234869708215,1.11339858688295e-06,-5.953349334232
"FBgn0040996","FBgn0052720",0.991176888691694,1.70579550568777e-06,-5.76807303417352
"FBgn0051294","FBgn0052720",0.994315845400314,4.57176987458984e-07,-6.33991563844979
"FBgn0050364","FBgn0053125",0.992892287352077,8.92918003513826e-07,-6.04918842045803
"FBgn0050365","FBgn0053125",0.992892287352077,8.92918003513826e-07,-6.04918842045803
"FBgn0051010","FBgn0053284",0.991360236730922,1.60186946712405e-06,-5.79537287652733
"FBgn0051226","FBgn0053284",0.998148445279079,1.58469752038722e-08,-7.80005362162485
"FBgn0032464","FBgn0053340",0.990753842801189,1.96248921219198e-06,-5.70719272189398
"FBgn0033322","FBgn0053340",0.991017967078932,1.79942476457978e-06,-5.74486630683875
"FBgn0036784","FBgn0053340",0.991124100549167,1.73652709952917e-06,-5.7603184348789
"FBgn0004171","FBgn0053340",0.990924955589942,1.85577641429196e-06,-5.73147434917776
"FBgn0047351","FBgn0053340",0.994839353381851,3.42270857041801e-07,-6.46563007767996
"FBgn0050430","FBgn0053340",0.99074107682915,1.97061021253704e-06,-5.70539927084245
"FBgn0051639","FBgn0053340",0.99035646884881,2.22588058069824e-06,-5.65249813943303
"FBgn0052061","FBgn0053340",0.994364534920937,4.45545330620979e-07,-6.35110810344073
"FBgn0032554","FBgn0054049",0.990042218439907,2.45007101549541e-06,-5.61082132739432
"FBgn0031878","FBgn0061197",0.994996916184843,3.11904978778022e-07,-6.5059776927691
"FBgn0032520","FBgn0061197",0.990560823511287,2.08767409416105e-06,-5.68033729788946
"FBgn0038355","FBgn0061197",0.990823230667856,1.918737572414e-06,-5.7169844200775
"FBgn0039707","FBgn0061197",0.991576087925433,1.48502439547318e-06,-5.82826641184686
"FBgn0039792","FBgn0061197",0.997433323051205,4.21907497871082e-08,-7.37478275654487
"FBgn0034824","FBgn0064912",0.991408078752695,1.57546256431695e-06,-5.80259191194649
"FBgn0038630","FBgn0064912",0.995382849662979,2.45220592306686e-07,-6.61044306290707
"FBgn0038708","FBgn0064912",0.996828010835061,7.95978499886406e-08,-7.09909866279851
"FBgn0040963","FBgn0064912",0.992476803801479,1.05850637832118e-06,-5.97530652067589
"FBgn0046332","FBgn0064912",0.990383258375191,2.20742621880452e-06,-5.65611380340229
"FBgn0051141","FBgn0064912",0.990295788257031,2.26806009635068e-06,-5.6443454422096
"FBgn0051542","FBgn0064912",0.990103079684239,2.40553123791416e-06,-5.61878899903344
"FBgn0051639","FBgn0064912",0.990691404451925,2.00242167991259e-06,-5.69844446133459
"FBgn0053340","FBgn0064912",0.993764091780005,6.03400641565879e-07,-6.21939423239707
"FBgn0032664","FBgn0083946",0.992442288323253,1.07311435011132e-06,-5.96935399753423
"FBgn0033861","FBgn0085190",0.994254229647639,4.72184144145808e-07,-6.32588860053895
"FBgn0036441","FBgn0085190",0.992108819219231,1.2212149422111e-06,-5.91320789051805
"FBgn0036161","FBgn0085199",0.996690419471304,9.040245882647e-08,-7.04381975713254
"FBgn0033861","FBgn0085239",0.993921020751323,5.59048944383255e-07,-6.25255016824049
"FBgn0036441","FBgn0085239",0.992208064850545,1.17580291982279e-06,-5.92966546568006
"FBgn0085190","FBgn0085239",0.99529144517221,2.60056650526682e-07,-6.58493203537076
"FBgn0002865","FBgn0085306",0.996145102930278,1.42797925950978e-07,-6.84527810036507
"FBgn0032360","FBgn0085306",0.991635265801571,1.45401163017948e-06,-5.83743211967879
"FBgn0034472","FBgn0085306",0.998466415334026,9.00665705371703e-09,-8.04543637356288
"FBgn0035197","FBgn0085306",0.992272842675161,1.14677698110636e-06,-5.9405210330946
"FBgn0035198","FBgn0085306",0.992272842675161,1.14677698110636e-06,-5.9405210330946
"FBgn0036311","FBgn0085306",0.994036364936767,5.27872061718547e-07,-6.27747132296315
"FBgn0039104","FBgn0085306",0.991746924396131,1.39667510150911e-06,-5.8549046089411
"FBgn0004175","FBgn0085306",0.991780354422489,1.37980627463708e-06,-5.86018188444084
"FBgn0040371","FBgn0085306",0.992809552796418,9.24405846869366e-07,-6.03413731627052
"FBgn0040963","FBgn0085306",0.995962481795078,1.64046683742264e-07,-6.78503254459517
"FBgn0041102","FBgn0085306",0.99012067792468,2.39275352350831e-06,-5.6211020355668
"FBgn0051542","FBgn0085306",1,2.2250738585072e-308,-307.652655568589
"FBgn0052061","FBgn0085306",0.994748712780952,3.60599648651292e-07,-6.44297470076636
"FBgn0052652","FBgn0085306",0.99322507613084,7.73470781522821e-07,-6.11155608747603
"FBgn0064912","FBgn0085306",0.990103079684239,2.40553123791416e-06,-5.61878899903344
"FBgn0051084","FBgn0085320",0.99374698447715,6.08372479161354e-07,-6.21583044027765
"FBgn0032312","FBgn0085454",0.993032131859007,8.4133203893593e-07,-6.07503257231327
"FBgn0032650","FBgn0085454",0.992811458867793,9.23672230330578e-07,-6.03448211299237
"FBgn0034129","FBgn0085454",0.993148047690175,8.00107791281229e-07,-6.09685150050164
"FBgn0039395","FBgn0085454",0.990252006432505,2.29882101064626e-06,-5.63849484217779
"FBgn0052488","FBgn0085454",0.991557519336509,1.49484536876171e-06,-5.82540372972536
"FBgn0031878","FBgn0085486",0.993378040237549,7.22337576285071e-07,-6.14125979238215
"FBgn0035786","FBgn0085486",0.990072684087109,2.42770757082906e-06,-5.61480362732655
"FBgn0061197","FBgn0085486",0.995541860517548,2.20773896262436e-07,-6.65605227776968
"FBgn0032065","FBgn0085692",0.997886559070173,2.35625182471413e-08,-7.62777829612632
"FBgn0035971","FBgn0085692",0.995566989607316,2.17065704366541e-07,-6.66340878815744
"FBgn0039366","FBgn0085692",0.999686234961396,7.72060715160864e-11,-10.112348545231
"FBgn0039367","FBgn0085692",0.999686234961396,7.72060715160864e-11,-10.112348545231
"FBgn0032360","FBgn0086915",0.992323925731346,1.12422668876001e-06,-5.94914610891711
"FBgn0032457","FBgn0086915",0.991052441058309,1.77883118183292e-06,-5.74986526623722
"FBgn0033868","FBgn0086915",0.993074151074658,8.26228970642906e-07,-6.082899581122
"FBgn0053017","FBgn0086915",0.99069823170301,1.99802923549255e-06,-5.69939816139522
"FBgn0050432","FBgn0086916",0.990174271610816,2.35411846434995e-06,-5.62817168630186
"FBgn0032424","FBgn0250834",0.992437636712314,1.0750932464901e-06,-5.96855386627874
"FBgn0032969","FBgn0250834",0.990824141078655,1.91816787950306e-06,-5.71711338572053
"FBgn0039366","FBgn0250834",0.994657203029903,3.79755552305861e-07,-6.42049586771358
"FBgn0039367","FBgn0250834",0.994657203029903,3.79755552305861e-07,-6.42049586771358
"FBgn0040904","FBgn0250834",0.992891979628228,8.93033776847465e-07,-6.0491321146601
"FBgn0040989","FBgn0250834",0.992241461662916,1.16077804518729e-06,-5.93525081468488
"FBgn0085692","FBgn0250834",0.996904327606299,7.39939343330174e-08,-7.13080388018348
"FBgn0002865","FBgn0250845",0.993712418922578,6.18501205778357e-07,-6.20865944936974
"FBgn0032464","FBgn0250845",0.99181479771393,1.36256849326708e-06,-5.86564165749147
"FBgn0033512","FBgn0250845",0.995584172305892,2.14554153070685e-07,-6.66846307452108
"FBgn0034472","FBgn0250845",0.993131679899091,8.05845421776728e-07,-6.09374825708783
"FBgn0035197","FBgn0250845",0.993293219199067,7.50404172004065e-07,-6.12470476008567
"FBgn0035198","FBgn0250845",0.993293219199067,7.50404172004065e-07,-6.12470476008567
"FBgn0038630","FBgn0250845",0.990690170240488,2.00321641860047e-06,-5.69827212892575
"FBgn0038708","FBgn0250845",0.992280111701442,1.14354991676553e-06,-5.94174487338109
"FBgn0039071","FBgn0250845",0.990195524449735,2.33891316853832e-06,-5.63098590094615
"FBgn0039104","FBgn0250845",0.990462805826504,2.15322902121121e-06,-5.6669097753978
"FBgn0004175","FBgn0250845",0.991674776077279,1.43354761432895e-06,-5.84358787767606
"FBgn0040963","FBgn0250845",0.996056062011786,1.52913113696846e-07,-6.81555526827007
"FBgn0046294","FBgn0250845",0.992722436083078,9.58351034265006e-07,-6.01847538411563
"FBgn0051542","FBgn0250845",0.995569789873052,2.16655068496834e-07,-6.66423114648902
"FBgn0051639","FBgn0250845",0.994228267820911,4.78604354792488e-07,-6.32002335408501
"FBgn0052061","FBgn0250845",0.994051149406278,5.23961659802935e-07,-6.28070049077431
"FBgn0052652","FBgn0250845",0.994645606432999,3.82230382966115e-07,-6.41767479443935
"FBgn0053340","FBgn0250845",0.994700840074531,3.70538584937696e-07,-6.43116656136073
"FBgn0064912","FBgn0250845",0.996149262907404,1.42336572091328e-07,-6.84668349754905
"FBgn0085306","FBgn0250845",0.995569789873052,2.16655068496834e-07,-6.66423114648902
"FBgn0034459","FBgn0250849",0.993402675433776,7.14318979109182e-07,-6.1461078107282
"FBgn0052192","FBgn0250849",0.991387811470325,1.58661365932025e-06,-5.79952881114786
"FBgn0032590","FBgn0259739",0.991673650598042,1.4341278787173e-06,-5.8434121216493
"FBgn0035915","FBgn0259739",0.990948364808528,1.84148484765187e-06,-5.73483185031341
"FBgn0003187","FBgn0259739",0.990491344025644,2.1340032730266e-06,-5.67080491881206
"FBgn0050430","FBgn0259739",0.994058354518446,5.22062960526384e-07,-6.28227711814655
"FBgn0002865","FBgn0259795",0.993320676595784,7.41240743317829e-07,-6.13004071710301
"FBgn0033868","FBgn0259795",0.993367098058827,7.25918314233949e-07,-6.13911224661859
"FBgn0035197","FBgn0259795",0.994008950594154,5.35174304740792e-07,-6.27150474646814
"FBgn0035198","FBgn0259795",0.994008950594154,5.35174304740792e-07,-6.27150474646814
"FBgn0037985","FBgn0259795",0.998248263915174,1.3420703619957e-08,-7.87222471440144
"FBgn0038163","FBgn0259795",0.990732822822084,1.97587283147642e-06,-5.70424101033812
"FBgn0039104","FBgn0259795",0.993172850442768,7.91465252833356e-07,-6.10156814692163
"FBgn0040519","FBgn0259795",0.995890671700143,1.72947014100996e-07,-6.76208693160079
"FBgn0050376","FBgn0259795",0.991528512999977,1.51027320268851e-06,-5.82094448337722
"FBgn0260230","FBgn0260231",1,2.2250738585072e-308,-307.652655568589
"FBgn0036905","FBgn0260434",0.999999832504708,1.17475626101332e-20,-19.930052231671
"FBgn0067903","FBgn0260455",1,2.2250738585072e-308,-307.652655568589
"FBgn0064119","FBgn0260466",1,2.2250738585072e-308,-307.652655568589
"FBgn0032072","FBgn0260480",0.991692350547969,1.42450697935324e-06,-5.84633541859918
"FBgn0038539","FBgn0260480",0.995788455667406,1.86162129748964e-07,-6.73010866123759
"FBgn0038697","FBgn0260758",0.996788053250532,8.26415076971937e-08,-7.08280176822369
"FBgn0260761","FBgn0260762",1,2.2250738585072e-308,-307.652655568589
"FBgn0037988","FBgn0260953",0.991758407078982,1.39086554850137e-06,-5.85671485014177
"FBgn0051835","FBgn0260953",0.996939457422523,7.15052400314091e-08,-7.1456621311592
"FBgn0040007","FBgn0261016",0.990647060507475,2.03110763682856e-06,-5.69226706091718
"FBgn0066084","FBgn0261016",0.994660321793672,3.79091801936012e-07,-6.42125560732363
"FBgn0000003","FBgn0261504",0.999998315421734,1.19512419769697e-17,-16.9225869603462
"FBgn0033279","FBgn0261531",0.994401324641681,4.3688835686307e-07,-6.359629529146
"FBgn0035915","FBgn0261531",0.995963834077954,1.63882073299433e-07,-6.78546855035224
"FBgn0038706","FBgn0261531",0.994949344266283,3.20875641281578e-07,-6.4936632503664
"FBgn0051870","FBgn0261531",0.996458772456524,1.10725421468501e-07,-6.95575265792877
"FBgn0052548","FBgn0261531",0.993487039221939,6.87308268454812e-07,-6.16284843141074
"FBgn0032464","FBgn0261536",0.992295936863138,1.13654528782731e-06,-5.94441325429745
"FBgn0034816","FBgn0261536",0.99092966491666,1.85289541580121e-06,-5.73214909315938
"FBgn0035786","FBgn0261536",1,2.2250738585072e-308,-307.652655568589
"FBgn0051948","FBgn0261536",0.992881211505181,8.97091304964649e-07,-6.04716335269246
"FBgn0085486","FBgn0261536",0.990072684087109,2.42770757082906e-06,-5.61480362732655
"FBgn0032464","FBgn0261537",0.992295936863138,1.13654528782731e-06,-5.94441325429745
"FBgn0034816","FBgn0261537",0.99092966491666,1.85289541580121e-06,-5.73214909315938
"FBgn0035786","FBgn0261537",1,2.2250738585072e-308,-307.652655568589
"FBgn0051948","FBgn0261537",0.992881211505181,8.97091304964649e-07,-6.04716335269246
"FBgn0085486","FBgn0261537",0.990072684087109,2.42770757082906e-06,-5.61480362732655
"FBgn0261536","FBgn0261537",1,2.2250738585072e-308,-307.652655568589
"FBgn0050325","FBgn0261806",0.993014693219592,8.47653609350759e-07,-6.07178158439522
"FBgn0033286","FBgn0261816",0.992273220422547,1.14660913211727e-06,-5.94058460362855
"FBgn0036125","FBgn0261816",0.993171529290542,7.91924035122146e-07,-6.10131647587206
"FBgn0036784","FBgn0261816",0.993083955334998,8.22731160365523e-07,-6.08474205378348
"FBgn0004171","FBgn0261816",0.990413949289737,2.18640972031905e-06,-5.66026845052892
"FBgn0047351","FBgn0261816",0.993862702468549,5.75268173018382e-07,-6.24012965285586
"FBgn0045827","FBgn0261858",0.990499455425722,2.12855966067638e-06,-5.6719141726236
"FBgn0250849","FBgn0261858",0.990766019612667,1.95476377426874e-06,-5.70890571792552
"FBgn0039368","FBgn0262100",0.992481893355698,1.05636358832171e-06,-5.97618657685501
"FBgn0033860","FBgn0262566",0.991650003183694,1.44635595763974e-06,-5.83972481118097
"FBgn0037388","FBgn0262795",0.991292626688088,1.63968717171018e-06,-5.78523900107379
"FBgn0040996","FBgn0262795",0.992402289885011,1.09020994219925e-06,-5.96248986172991
"FBgn0052720","FBgn0262795",0.994967794023619,3.1737644904651e-07,-6.49842530325421
"FBgn0262791","FBgn0262836",1,2.2250738585072e-308,-307.652655568589
"FBgn0051820","FBgn0263032",0.990678728287395,2.01059415964104e-06,-5.69667558331463
"FBgn0051820","FBgn0263033",0.990678728287395,2.01059415964104e-06,-5.69667558331463
"FBgn0263032","FBgn0263033",1,2.2250738585072e-308,-307.652655568589
"FBgn0039070","FBgn0011244",0.991710014531727,1.41545859840894e-06,-5.84910282905091
"FBgn0052064","FBgn0011244",0.992347612376456,1.11387127644853e-06,-5.95316499512119
"FBgn0053017","FBgn0011244",0.990561132594552,2.08746950542082e-06,-5.68037986014338
"FBgn0039374","FBgn0011273",1,2.2250738585072e-308,-307.652655568589
"FBgn0033286","FBgn0013301",0.993772011214328,6.01108230648265e-07,-6.22104732543239
"FBgn0036784","FBgn0013301",0.993761447848566,6.04167264797109e-07,-6.2188428095214
"FBgn0038423","FBgn0013301",0.990610609316814,2.05489143917611e-06,-5.68721111715149
"FBgn0004171","FBgn0013301",0.994489217213214,4.16661313148153e-07,-6.38021682175597
"FBgn0046297","FBgn0013301",0.99652562957726,1.04576957564968e-07,-6.98056399715894
"FBgn0047351","FBgn0013301",0.991060368446307,1.77411790645579e-06,-5.75101752068156
"FBgn0033512","FBgn0263271",1,2.2250738585072e-308,-307.652655568589
"FBgn0034840","FBgn0263271",0.992210904307147,1.17452047436981e-06,-5.93013940815132
"FBgn0035197","FBgn0263271",0.993225873335563,7.73198234321035e-07,-6.11170914639918
"FBgn0035198","FBgn0263271",0.993225873335563,7.73198234321035e-07,-6.11170914639918
"FBgn0036784","FBgn0263271",0.991297837111795,1.63675182067735e-06,-5.78601716730855
"FBgn0039071","FBgn0263271",0.995310507270389,2.56914661387038e-07,-6.59021111107892
"FBgn0039104","FBgn0263271",0.990250126929257,2.30014771539781e-06,-5.63824427271189
"FBgn0004175","FBgn0263271",0.990472767219732,2.14650515254763e-06,-5.66826806468731
"FBgn0040963","FBgn0263271",0.994011468602127,5.34500806623837e-07,-6.27205163505386
"FBgn0046294","FBgn0263271",0.99458102644838,3.96209016213203e-07,-6.40207564579119
"FBgn0051639","FBgn0263271",0.993543392458214,6.69649801689568e-07,-6.17415225544088
"FBgn0052061","FBgn0263271",0.991352541206115,1.60614438677624e-06,-5.79421541574379
"FBgn0052119","FBgn0263271",0.990937784350925,1.8479352237934e-06,-5.73331325629889
"FBgn0052652","FBgn0263271",0.992222390188184,1.16934235306072e-06,-5.93205832008034
"FBgn0250845","FBgn0263271",0.995584172305892,2.14554153070685e-07,-6.66846307452108
"FBgn0034459","FBgn0263387",0.993402675433776,7.14318979109182e-07,-6.1461078107282
"FBgn0052192","FBgn0263387",0.991387811470325,1.58661365932025e-06,-5.79952881114786
"FBgn0250849","FBgn0263387",1,2.2250738585072e-308,-307.652655568589
"FBgn0261858","FBgn0263387",0.990766019612667,1.95476377426874e-06,-5.70890571792552
"FBgn0032471","FBgn0263647",0.990418301969349,2.18343991508762e-06,-5.66085875469521
"FBgn0033285","FBgn0263647",0.994702654338897,3.70158637837226e-07,-6.43161211168426
"FBgn0033969","FBgn0263647",0.991821949851126,1.35900713328998e-06,-5.86677826369404
"FBgn0036784","FBgn0263647",0.991733240876747,1.4036192006577e-06,-5.8527506995314
"FBgn0039088","FBgn0263647",0.991444073105874,1.55578714856745e-06,-5.80804982028067
"FBgn0004171","FBgn0263647",0.992231822814987,1.16510126684916e-06,-5.93363632551998
"FBgn0046297","FBgn0263647",0.997352608227928,4.6294771248985e-08,-7.33446805749062
"FBgn0013301","FBgn0263647",0.992768296607102,9.4037986649127e-07,-6.02669667768124
"FBgn0066084","FBgn0264360",0.996266321313004,1.29757926938962e-07,-6.88686610152812
"FBgn0040859","FBgn0264364",0.994779037328803,3.54396676963903e-07,-6.4505103589718
"FBgn0045827","FBgn0264364",1,2.2250738585072e-308,-307.652655568589
"FBgn0261858","FBgn0264364",0.990499455425722,2.12855966067638e-06,-5.6719141726236
"FBgn0050325","FBgn0264570",0.990511253833531,2.12065817190624e-06,-5.67352932960643
"FBgn0039145","FBgn0264906",0.999964259723615,1.14130596520659e-13,-12.9425979128228
"FBgn0085452","FBgn0265053",0.999597849497267,1.62545465477309e-10,-9.78902514149023
"FBgn0002862","FBgn0265263",0.994388613861787,4.39866544066628e-07,-6.35667906889333
"FBgn0032269","FBgn0265263",0.990886867260058,1.87918707426746e-06,-5.72602998345566
"FBgn0033285","FBgn0265263",0.991881158317307,1.32976221080646e-06,-5.87622601299346
"FBgn0033322","FBgn0265263",0.990763538669023,1.95633613664325e-06,-5.70855652288824
"FBgn0038486","FBgn0265263",0.9942995932287,4.61104068988594e-07,-6.33620104535488
"FBgn0051226","FBgn0265263",0.994179041491751,4.90936789485499e-07,-6.30897442181768
"FBgn0053284","FBgn0265263",0.993557984041689,6.65127232859604e-07,-6.17709527012025
"FBgn0033861","FBgn0265271",0.994975139843268,3.15990339330183e-07,-6.50032619472251
"FBgn0051730","FBgn0265271",0.993492699207423,6.85520858760345e-07,-6.16397932613093
"FBgn0085239","FBgn0265271",0.990309781217529,2.25828674913601e-06,-5.64622091375706
"FBgn0037502","FBgn0265648",0.990398000821123,2.19731421081434e-06,-5.65810783553938
"FBgn0000182","FBgn0266459",1,2.2250738585072e-308,-307.652655568589
"FBgn0034840","FBgn0266459",0.99198043060003,1.28167332475814e-06,-5.89222265448478
"FBgn0038694","FBgn0266459",0.990725255278576,1.98070597875091e-06,-5.70317998750185
"FBgn0039083","FBgn0266798",0.997323646588187,4.78297642311396e-08,-7.32030175990511
"FBgn0013697","FBgn0267126",0.992329389528945,1.12183234701732e-06,-5.95007204165883
"FBgn0037502","FBgn0267363",0.997226288780463,5.3237768563834e-08,-7.27378015606594
"FBgn0037994","FBgn0267363",0.990315106788496,2.25457448877893e-06,-5.64693541148571
"FBgn0052720","FBgn0267363",0.993352561391134,7.30693564554393e-07,-6.13626471760459
"FBgn0262795","FBgn0267363",0.992775197667682,9.37695146895427e-07,-6.02793833170659
"FBgn0032520","FBgn0267366",0.992394581989357,1.09352503308564e-06,-5.96117127059935
"FBgn0038000","FBgn0267366",0.993614862651676,6.47692159845624e-07,-6.18863135994223
"FBgn0034132","FBgn0267411",0.990223777926048,2.31880060426686e-06,-5.63473659512647
"FBgn0034467","FBgn0267411",0.99583505585013,1.80056977661896e-07,-6.74459004396034
"FBgn0038694","FBgn0267411",0.993768204326726,6.02209472146346e-07,-6.22025241775628
"FBgn0046294","FBgn0267411",0.993185187917429,7.87189486797094e-07,-6.1039207146993
"FBgn0034132","FBgn0267412",0.990488903489212,2.13564294266195e-06,-5.670471355105
"FBgn0034467","FBgn0267412",0.991176796397739,1.7058489181079e-06,-5.76805943561726
"FBgn0052436","FBgn0267412",0.992432657161123,1.0772143451568e-06,-5.9676978717654
"FBgn0267411","FBgn0267412",0.995912997734689,1.70146284223874e-07,-6.76917753089781
"FBgn0034826","FBgn0267417",0.990979682367505,1.82247990318608e-06,-5.739337252027
"FBgn0039010","FBgn0267417",0.994409891727361,4.348886460292e-07,-6.36162193064516
"FBgn0046793","FBgn0267417",0.994947980034659,3.2113539732967e-07,-6.49331182144167
"FBgn0052192","FBgn0267417",0.991995659358997,1.27440027809617e-06,-5.89469414243635
"FBgn0051949","FBgn0267420",0.994708656503785,3.68903500394978e-07,-6.43308722388675
"FBgn0052437","FBgn0267420",0.991003033332337,1.80839467905646e-06,-5.74270677948546
"FBgn0052437","FBgn0267423",0.99559041162439,2.13646979590976e-07,-6.6703032425905
"FBgn0032632","FBgn0267491",0.993754070407285,6.06309824391832e-07,-6.21730539458114
"FBgn0035709","FBgn0267491",0.990904559799843,1.86828823019529e-06,-5.72855612214928
"FBgn0033248","FBgn0267721",0.992243174130211,1.16001108673235e-06,-5.9355378600113
"FBgn0034144","FBgn0267726",0.995107150609403,2.91763179225479e-07,-6.534969517337
"FBgn0039104","FBgn0267726",0.993887819685095,5.68244819730953e-07,-6.24546451472753
"FBgn0040519","FBgn0267726",0.993401924046516,7.14562670491955e-07,-6.14595967554306
"FBgn0052396","FBgn0267726",0.992133883600245,1.20963800555146e-06,-5.91734457655353
"FBgn0259795","FBgn0267726",0.992525241547599,1.0382301173307e-06,-5.9837063771131
"FBgn0002865","FBgn0267727",0.996776027434565,8.3572484461401e-08,-7.07793668683799
"FBgn0033868","FBgn0267727",0.991895865491016,1.32256338383585e-06,-5.87858350523567
"FBgn0034132","FBgn0267727",0.993015053094242,8.47522835111921e-07,-6.07184859161515
"FBgn0034840","FBgn0267727",0.990220206957394,2.32133626470068e-06,-5.63426194384996
"FBgn0035197","FBgn0267727",0.99683532976454,7.90485713930774e-08,-7.10210597445675
"FBgn0035198","FBgn0267727",0.99683532976454,7.90485713930774e-08,-7.10210597445675
"FBgn0035823","FBgn0267727",0.994927947935385,3.24965739293819e-07,-6.48816242369793
"FBgn0037985","FBgn0267727",0.995729803120552,1.94040226384066e-07,-6.71210822736027
"FBgn0038163","FBgn0267727",0.991743867269565,1.39822454179858e-06,-5.85442307935323
"FBgn0039190","FBgn0267727",0.992077342877845,1.23585759997425e-06,-5.90803156736062
"FBgn0040519","FBgn0267727",0.991910293937359,1.31552622931454e-06,-5.88090048841217
"FBgn0045770","FBgn0267727",0.994898945239779,3.30565070214573e-07,-6.48074303889074
"FBgn0046294","FBgn0267727",0.990700146360914,1.99679855482889e-06,-5.69966574631561
"FBgn0050376","FBgn0267727",0.990854130303868,1.89946484228048e-06,-5.72136874051141
"FBgn0051029","FBgn0267727",0.990593921851809,2.06584126157093e-06,-5.68490305255133
"FBgn0052652","FBgn0267727",0.991254244234838,1.66141834122689e-06,-5.77952099945062
"FBgn0259795","FBgn0267727",0.995773307625651,1.88175980868533e-07,-6.72543581152496
"FBgn0267411","FBgn0267727",0.990456944811354,2.15719170196177e-06,-5.66611125897499
"FBgn0267412","FBgn0267727",0.991166173656666,1.71200395362838e-06,-5.76649523671669
"FBgn0002865","FBgn0270925",0.997577215268636,3.54891016875269e-08,-7.44990499352611
"FBgn0033330","FBgn0270925",0.994232068605248,4.77660834200548e-07,-6.32088036723226
"FBgn0033868","FBgn0270925",0.997007584733593,6.68390688483109e-08,-7.17496960900093
"FBgn0034173","FBgn0270925",0.990649461361941,2.02954757817046e-06,-5.69260076317168
"FBgn0034472","FBgn0270925",0.991900763047314,1.32017190888961e-06,-5.87936951256613
"FBgn0035197","FBgn0270925",0.995454954306394,2.33923134699367e-07,-6.63092682489701
"FBgn0035198","FBgn0270925",0.995454954306394,2.33923134699367e-07,-6.63092682489701
"FBgn0035823","FBgn0270925",0.994431576585338,4.29854265182065e-07,-6.36667875966472
"FBgn0037985","FBgn0270925",0.991679888699754,1.43091366102067e-06,-5.84438657006518
"FBgn0039104","FBgn0270925",0.992413841393689,1.08525428183113e-06,-5.96446849199286
"FBgn0041102","FBgn0270925",0.996294317072671,1.26863584173575e-07,-6.89666302299675
"FBgn0045770","FBgn0270925",0.990472230717684,2.14686693127705e-06,-5.66819487349718
"FBgn0050376","FBgn0270925",0.997387705896779,4.44789934848236e-08,-7.35184504896496
"FBgn0051542","FBgn0270925",0.990867338700104,1.89126593858772e-06,-5.72324739894944
"FBgn0052026","FBgn0270925",0.990721476555662,1.98312226846636e-06,-5.70265050874816
"FBgn0052371","FBgn0270925",0.994121684537375,5.05570835905224e-07,-6.29621798648742
"FBgn0052652","FBgn0270925",0.991200950470243,1.69190837487114e-06,-5.77162315983442
"FBgn0085306","FBgn0270925",0.990867338700104,1.89126593858772e-06,-5.72324739894944
"FBgn0259795","FBgn0270925",0.992307566296637,1.13141603638105e-06,-5.94637766998094
"FBgn0267727","FBgn0270925",0.996248777091023,1.31593964311096e-07,-6.88076402961642
"FBgn0035161","FBgn0014179",0.991174938277357,1.70692448745875e-06,-5.7677856911907
"FBgn0033860","FBgn0015008",0.990577781390929,2.07646900868646e-06,-5.68267454635372
"FBgn0032090","FBgn0015770",0.991992922541968,1.27570531509234e-06,-5.89424963502685
"FBgn0037826","FBgn0015770",0.99244549590976,1.07175118595778e-06,-5.96990602724384
"FBgn0004172","FBgn0015770",0.999998444105567,9.41629123640469e-18,-17.026120117666
"FBgn0047351","FBgn0015770",0.991510323479317,1.52000163971178e-06,-5.81815594355694
"FBgn0051139","FBgn0015770",0.992942575283045,8.74132318364425e-07,-6.05842282275916
"FBgn0034614","FBgn0016726",0.992499455370295,1.04899184388174e-06,-5.97922788851848
"FBgn0033512","FBgn0019828",0.994552426582873,4.02506782302713e-07,-6.395226797304
"FBgn0034840","FBgn0019828",0.990260946977525,2.29251702168911e-06,-5.63968743105676
"FBgn0039071","FBgn0019828",0.998167776734526,1.53560035684589e-08,-7.8137217956324
"FBgn0039190","FBgn0019828",0.995066594546116,2.99069507537044e-07,-6.5242278644126
"FBgn0004175","FBgn0019828",0.997457235021284,4.10232508078441e-08,-7.38696992778118
"FBgn0040963","FBgn0019828",0.997354239712317,4.62092915873097e-08,-7.33527068939258
"FBgn0046294","FBgn0019828",0.993472592241293,6.91884647233575e-07,-6.15996630618754
"FBgn0051542","FBgn0019828",0.990268731453722,2.28703754998717e-06,-5.64072670482117
"FBgn0052061","FBgn0019828",0.992763059610377,9.4242062548863e-07,-6.02575521763563
"FBgn0085306","FBgn0019828",0.990268731453722,2.28703754998717e-06,-5.64072670482117
"FBgn0250845","FBgn0019828",0.992048405884282,1.24942159882128e-06,-5.90329099065203
"FBgn0263271","FBgn0019828",0.994552426582873,4.02506782302713e-07,-6.395226797304
"FBgn0032650","FBgn0020280",0.990625510072004,2.04514668581572e-06,-5.68927553726265
"FBgn0034129","FBgn0020280",0.997559874668069,3.62561153568107e-08,-7.44061873001102
"FBgn0052488","FBgn0020280",0.990918706450498,1.85960401341909e-06,-5.73057952518852
"FBgn0085454","FBgn0020280",0.990849469699394,1.90236347169149e-06,-5.72070650176824
"FBgn0035455","FBgn0026141",0.993501027168348,6.82896538071769e-07,-6.16564508892186
"FBgn0038697","FBgn0026141",0.990389214649017,2.20333702656423e-06,-5.65691906726952
"FBgn0033357","FBgn0026741",0.993221389042216,7.74732149790252e-07,-6.11084842133186
"FBgn0011244","FBgn0028513",0.990819886726569,1.9208310217755e-06,-5.71651083895836
"FBgn0034459","FBgn0028531",0.993554564799737,6.6618517566132e-07,-6.17640503570987
"FBgn0034842","FBgn0028531",0.990275108972239,2.28255492822747e-06,-5.6415787626484
"FBgn0033279","FBgn0028560",0.990379841844141,2.20977406420737e-06,-5.65565212798188
"FBgn0039398","FBgn0028567",0.995888155136918,1.73264620819771e-07,-6.76129010751886
"FBgn0267412","FBgn0028567",0.990637582617457,2.03727409335239e-06,-5.69095053740999
"FBgn0032065","FBgn0028838",0.99510796064011,2.91618473013448e-07,-6.53518496844154
"FBgn0035971","FBgn0028838",0.992617567859257,1.00030093761911e-06,-5.99986932411428
"FBgn0039366","FBgn0028838",0.99713333531397,5.87674026880878e-08,-7.23086350314569
"FBgn0039367","FBgn0028838",0.99713333531397,5.87674026880878e-08,-7.23086350314569
"FBgn0085692","FBgn0028838",0.997421151629927,4.27934269782487e-08,-7.36862293300315
"FBgn0250834","FBgn0028838",0.99319554001056,7.83613673103369e-07,-6.10589799470188
"FBgn0045827","FBgn0028870",0.993501756725587,6.82666957877559e-07,-6.16579111715524
"FBgn0264364","FBgn0028870",0.993501756725587,6.82666957877559e-07,-6.16579111715524
"FBgn0051921","FBgn0028892",0.994368027213271,4.44718698885051e-07,-6.35191460958442
"FBgn0036497","FBgn0028893",0.990913131738805,1.86302295376137e-06,-5.7297817942554
"FBgn0050487","FBgn0028893",0.992505040669962,1.0466545810568e-06,-5.98019662136999
"FBgn0051294","FBgn0028893",0.995259654769965,2.6535337276931e-07,-6.57617538790725
"FBgn0036438","FBgn0028902",0.994141047167445,5.00598647100236e-07,-6.30051032843474
"FBgn0040510","FBgn0028902",0.99091735992445,1.86042944791348e-06,-5.73038679485117
"FBgn0038359","FBgn0028903",0.997766591244315,2.78046158695504e-08,-7.55588310047512
"FBgn0032969","FBgn0028935",0.991347162610392,1.60913673688811e-06,-5.79340705002601
"FBgn0051730","FBgn0028935",0.99589912553932,1.71882923722747e-07,-6.76476726759079
"FBgn0265271","FBgn0028935",0.993701229017672,6.21804065517968e-07,-6.20634644275238
"FBgn0037502","FBgn0029084",0.99076226131236,1.95714602250827e-06,-5.70837677045658
"FBgn0265648","FBgn0029084",0.991972554049599,1.28544586887365e-06,-5.89094620711482
"FBgn0045770","FBgn0029501",0.993223604910227,7.73973928169144e-07,-6.1112736685716
"FBgn0051029","FBgn0029501",0.997168962523484,5.66049327820675e-08,-7.24714572099042
"FBgn0036482","FBgn0029552",0.990315818551475,2.25407865254886e-06,-5.64703093399887
"FBgn0036490","FBgn0029552",0.993245098946922,7.66644752154047e-07,-6.11540583281676
"FBgn0002862","FBgn0029658",0.995717380386099,1.95736820185337e-07,-6.70832747122907
"FBgn0034105","FBgn0029658",0.991956980055131,1.29292690359949e-06,-5.88842602752544
"FBgn0051010","FBgn0029658",0.991033768473516,1.78996597566791e-06,-5.74715522417101
"FBgn0052655","FBgn0029658",0.990924449998739,1.85608589399016e-06,-5.73140192982901
"FBgn0051988","FBgn0029659",0.996985892466551,6.83020848313832e-08,-7.1655660398478
"FBgn0032664","FBgn0029730",0.995567738860722,2.16955781795731e-07,-6.66362877158445
"FBgn0035316","FBgn0029730",0.992850408373933,9.08765911869241e-07,-6.04154797186715
"FBgn0083946","FBgn0029730",0.993419487602703,7.08880878287847e-07,-6.14942673836947
"FBgn0038000","FBgn0029750",0.992304821489946,1.13262526296223e-06,-5.9459137557567
"FBgn0267366","FBgn0029750",0.992260829956758,1.15212326567731e-06,-5.93850105325692
"FBgn0034824","FBgn0029752",0.995230203380032,2.70324042095033e-07,-6.56811532727621
"FBgn0038630","FBgn0029752",0.995058733677391,3.00499620475722e-07,-6.52215607216508
"FBgn0038708","FBgn0029752",0.994657603671106,3.79670242631328e-07,-6.42059344017242
"FBgn0064912","FBgn0029752",0.994973627253768,3.16275425195374e-07,-6.49993455173483
"FBgn0032457","FBgn0029949",0.992062804783378,1.24265990948205e-06,-5.9056477125849
"FBgn0034132","FBgn0029949",0.994114201503288,5.07501199819723e-07,-6.29456292666703
"FBgn0039190","FBgn0029949",0.992676970951833,9.76391419745201e-07,-6.01037604569656
"FBgn0039518","FBgn0029951",0.990942770164664,1.84489375326856e-06,-5.73402863963924
"FBgn0052591","FBgn0029951",0.991263284900317,1.65628260457971e-06,-5.78086555937591
"FBgn0052652","FBgn0029951",0.990517076478872,2.11676589897162e-06,-5.67432716956991
"FBgn0033860","FBgn0029952",0.99442516565935,4.31338570798631e-07,-6.36518170499795
"FBgn0050039","FBgn0029952",0.990518337198024,2.11592377026916e-06,-5.67449998254791
"FBgn0002865","FBgn0030277",0.994115419276557,5.07186722776466e-07,-6.29483212401511
"FBgn0034472","FBgn0030277",0.994840915158011,3.41960606134476e-07,-6.46602392179133
"FBgn0036311","FBgn0030277",0.992220843029263,1.1700389638337e-06,-5.93179967543657
"FBgn0038630","FBgn0030277",0.990583412319384,2.07275718279616e-06,-5.68345157120489
"FBgn0038708","FBgn0030277",0.990695890100486,1.99953502809111e-06,-5.69907098344172
"FBgn0039190","FBgn0030277",0.990178006819252,2.35144137079825e-06,-5.62866584517911
"FBgn0004175","FBgn0030277",0.994615917689689,3.88615141939906e-07,-6.41048028162396
"FBgn0040963","FBgn0030277",0.998191920883047,1.47571735135449e-08,-7.83099681629476
"FBgn0046294","FBgn0030277",0.990928506843777,1.85360360754333e-06,-5.73198313397928
"FBgn0046332","FBgn0030277",0.990097358350865,2.40969513135011e-06,-5.61803789981004
"FBgn0051141","FBgn0030277",0.990554416062417,2.09191832417892e-06,-5.67945527585202
"FBgn0051542","FBgn0030277",0.997527147471275,3.77336531252962e-08,-7.42327114721468
"FBgn0052061","FBgn0030277",0.994739971565123,3.62401014244917e-07,-6.44081059554171
"FBgn0052436","FBgn0030277",0.9918187629408,1.36059326853922e-06,-5.86627168201833
"FBgn0052652","FBgn0030277",0.992063149848298,1.24249816724189e-06,-5.90570424320414
"FBgn0053340","FBgn0030277",0.990474645929526,2.14523860420318e-06,-5.668524396381
"FBgn0064912","FBgn0030277",0.994901881232655,3.29995340734029e-07,-6.48149219196389
"FBgn0085306","FBgn0030277",0.997527147471275,3.77336531252962e-08,-7.42327114721468
"FBgn0250845","FBgn0030277",0.997127507627157,5.91262805819231e-08,-7.2282194400192
"FBgn0019828","FBgn0030277",0.992874882241115,8.99481944976474e-07,-6.04600754969006
"FBgn0033512","FBgn0030278",0.992115177543197,1.21827116165896e-06,-5.91425603608302
"FBgn0051639","FBgn0030278",0.994867348880267,3.36737845656358e-07,-6.47270807091199
"FBgn0052240","FBgn0030278",0.994081538342371,5.1598462180583e-07,-6.28736324171464
"FBgn0064912","FBgn0030278",0.991625353028974,1.45917618302115e-06,-5.83589226760318
"FBgn0250845","FBgn0030278",0.990035850485267,2.45476268393766e-06,-5.60999048726326
"FBgn0263271","FBgn0030278",0.992115177543197,1.21827116165896e-06,-5.91425603608302
"FBgn0029752","FBgn0030278",0.992735430133135,9.53236116513692e-07,-6.02079951132615
"FBgn0032312","FBgn0030370",0.998353248903433,1.11503206552558e-08,-7.95271264321619
"FBgn0039395","FBgn0030370",0.995121936682189,2.89129272540966e-07,-6.53890793648763
"FBgn0085454","FBgn0030370",0.991357907636769,1.60316249601297e-06,-5.79502245547174
"FBgn0260758","FBgn0030376",0.993272954510079,7.57215298852765e-07,-6.12078062009095
"FBgn0032424","FBgn0030951",0.994298305907749,4.61416086090076e-07,-6.33590726898619
"FBgn0039366","FBgn0030951",0.992833972202357,9.15036499503278e-07,-6.03856158219944
"FBgn0039367","FBgn0030951",0.992833972202357,9.15036499503278e-07,-6.03856158219944
"FBgn0040989","FBgn0030951",0.996542334767346,1.03077036079395e-07,-6.98683807782845
"FBgn0085692","FBgn0030951",0.995056295968817,3.00944031329756e-07,-6.52151426568445
"FBgn0250834","FBgn0030951",0.996924536920705,7.25553230023234e-08,-7.13933072015617
"FBgn0028838","FBgn0030951",0.996979531669774,6.87350919878495e-08,-7.16282148178117
"FBgn0040989","FBgn0031085",0.990526381223732,2.11055580920322e-06,-5.67560315935485
"FBgn0036905","FBgn0031129",0.992714348309842,9.61543870972159e-07,-6.01703089604696
"FBgn0260434","FBgn0031129",0.992702748192176,9.66135632626099e-07,-6.01496190012055
"FBgn0037862","FBgn0031134",0.991751169794351,1.39452530591969e-06,-5.85557360034984
"FBgn0038200","FBgn0031134",0.997644523977472,3.2614334996172e-08,-7.48659147228291
"FBgn0038423","FBgn0031134",0.997990835999577,2.02456402670325e-08,-7.69366848414416
"FBgn0039707","FBgn0031134",0.991863197741641,1.3385888016261e-06,-5.8733528125406
"FBgn0032065","FBgn0031295",0.992970566476677,8.63790730620067e-07,-6.06359146069852
"FBgn0035971","FBgn0031295",0.992000564409823,1.27206355316813e-06,-5.8954911904952
"FBgn0039366","FBgn0031295",0.992921476503663,8.81981670143967e-07,-6.0545404405349
"FBgn0039367","FBgn0031295",0.992921476503663,8.81981670143967e-07,-6.0545404405349
"FBgn0085692","FBgn0031295",0.99203337513785,1.25650606943867e-06,-5.90083540924621
"FBgn0028838","FBgn0031295",0.99090112528951,1.87040063750227e-06,-5.72806535815846
"FBgn0032065","FBgn0031332",0.999472227231113,3.6737451153195e-10,-9.43489097836505
"FBgn0032650","FBgn0031332",0.992334497587637,1.11959696802771e-06,-5.95093828631397
"FBgn0035971","FBgn0031332",0.998110189792345,1.684918216944e-08,-7.77342117419437
"FBgn0039366","FBgn0031332",0.999954765119445,2.31390549929091e-13,-12.6356543817605
"FBgn0039367","FBgn0031332",0.999954765119445,2.31390549929091e-13,-12.6356543817605
"FBgn0052488","FBgn0031332",0.993769965611017,6.0169980796879e-07,-6.22062012711248
"FBgn0085692","FBgn0031332",0.999430035409297,4.62698368469794e-10,-9.33470203187208
"FBgn0250834","FBgn0031332",0.993686361916544,6.26210433730538e-07,-6.20327970057434
"FBgn0028838","FBgn0031332",0.997203344471295,5.45689456919439e-08,-7.2630544369919
"FBgn0030951","FBgn0031332",0.992218167376483,1.17124433233811e-06,-5.931352497654
"FBgn0031295","FBgn0031332",0.993155279961481,7.97581247336042e-07,-6.0982250656721
"FBgn0036497","FBgn0031372",0.99722262999748,5.34485764772913e-08,-7.27206385708364
"FBgn0050487","FBgn0031372",0.996051118435566,1.53488277191332e-07,-6.8139247885616
"FBgn0051294","FBgn0031372",0.997111805010067,6.01005322895629e-08,-7.22112168158468
"FBgn0052720","FBgn0031372",0.990055925854832,2.43999215057186e-06,-5.61261157077963
"FBgn0028893","FBgn0031372",0.996997041533182,6.7547510105702e-08,-7.17039065503994
"FBgn0036162","FBgn0031410",0.996239058234028,1.3261846940972e-07,-6.87739598872041
"FBgn0051639","FBgn0031410",0.991210971086048,1.68614728177095e-06,-5.77310449325412
"FBgn0052240","FBgn0031410",0.996813201321021,8.07170549812559e-08,-7.09303469202291
"FBgn0033330","FBgn0031443",0.991730295283407,1.40511702562769e-06,-5.85228750389566
"FBgn0035924","FBgn0031443",0.994382866023043,4.4121771177325e-07,-6.35534706202742
"FBgn0037985","FBgn0031443",0.996294003463786,1.26895766094986e-07,-6.89655286799402
"FBgn0052064","FBgn0031443",0.995088582365156,2.95093386809856e-07,-6.53004052314717
"FBgn0259795","FBgn0031443",0.992335727297309,1.11905926780539e-06,-5.95114691168505
"FBgn0032971","FBgn0031462",0.990481164475547,2.14084792458235e-06,-5.66941418177629
"FBgn0034826","FBgn0031526",0.997388933276134,4.44163688552508e-08,-7.35245694895249
"FBgn0039010","FBgn0031526",0.99187053584805,1.33497784982336e-06,-5.87452594012659
"FBgn0046793","FBgn0031526",0.995082168337397,2.96249594483476e-07,-6.52834223545849
"FBgn0050039","FBgn0031526",0.990028090988691,2.46048765841801e-06,-5.608978809006
"FBgn0052192","FBgn0031526",0.994777368344988,3.54736210459674e-07,-6.45009447772438
"FBgn0267417","FBgn0031526",0.997541956032784,3.70602179041436e-08,-7.43109203147452
"FBgn0002865","FBgn0031545",0.998552085276227,7.5804890800522e-09,-8.12030277353474
"FBgn0033330","FBgn0031545",0.990365838249704,2.21941470986107e-06,-5.65376153986971
"FBgn0033868","FBgn0031545",0.991201770456813,1.6914364537398e-06,-5.77174431375455
"FBgn0034472","FBgn0031545",0.991347948421376,1.60869932443695e-06,-5.79352512056248
"FBgn0035197","FBgn0031545",0.997419939967291,4.28537353584728e-08,-7.36801131668433
"FBgn0035198","FBgn0031545",0.997419939967291,4.28537353584728e-08,-7.36801131668433
"FBgn0035823","FBgn0031545",0.997513978333297,3.83393402519222e-08,-7.41635536478646
"FBgn0037985","FBgn0031545",0.991077090131813,1.76420318637343e-06,-5.75345139786687
"FBgn0041102","FBgn0031545",0.992892101875921,8.92987783041839e-07,-6.04915448264987
"FBgn0045770","FBgn0031545",0.99100590543249,1.80666725526073e-06,-5.74312182669247
"FBgn0050376","FBgn0031545",0.991648081739327,1.4473525722808e-06,-5.83942566269947
"FBgn0051542","FBgn0031545",0.99233401382667,1.11980854342099e-06,-5.95085622344003
"FBgn0052371","FBgn0031545",0.99046159047747,2.15405033053301e-06,-5.66674415339765
"FBgn0052652","FBgn0031545",0.993710901116172,6.18948521725171e-07,-6.20834546997888
"FBgn0085306","FBgn0031545",0.99233401382667,1.11980854342099e-06,-5.95085622344003
"FBgn0259795","FBgn0031545",0.99072483328131,1.98097572608385e-06,-5.70312084606288
"FBgn0267412","FBgn0031545",0.991227148223434,1.6768742189658e-06,-5.77549951226437
"FBgn0267727","FBgn0031545",0.998023962850297,1.92611167993713e-08,-7.71531853518953
"FBgn0270925","FBgn0031545",0.997724659673598,2.93993466852262e-08,-7.5316623204094
"FBgn0030277","FBgn0031545",0.990079151226795,2.42297787147611e-06,-5.61565055216035
"FBgn0036311","FBgn0031574",0.991411830589563,1.57340403297248e-06,-5.80315974097542
"FBgn0051141","FBgn0031574",0.996203820702809,1.36377536426127e-07,-6.86525715907545
"FBgn0052436","FBgn0031574",0.990822734987128,1.9190477937662e-06,-5.71691420905272
"FBgn0035988","FBgn0031585",0.990411170540217,2.18830704741327e-06,-5.65989174100335
"FBgn0029752","FBgn0031626",0.99292184701955,8.81843424585917e-07,-6.05460851903465
"FBgn0031574","FBgn0031626",0.992684259387342,9.73484318360462e-07,-6.01167104003956
"FBgn0033340","FBgn0031678",0.996262774830364,1.30127688391922e-07,-6.88563028501865
"FBgn0032520","FBgn0031722",0.99455913776851,4.01023021348705e-07,-6.39683069531566
"FBgn0032626","FBgn0031722",0.990684102164762,2.0071268511737e-06,-5.69742517907014
"FBgn0034467","FBgn0031722",0.99438342091652,4.41087150389762e-07,-6.3554755937657
"FBgn0034827","FBgn0031722",0.995566757872885,2.17099709510078e-07,-6.66334075765223
"FBgn0038694","FBgn0031722",0.991204944498532,1.68961054517343e-06,-5.77221338862525
"FBgn0039518","FBgn0031722",0.990613159128656,2.05322173525443e-06,-5.68756414697747
"FBgn0085486","FBgn0031722",0.990814172466665,1.92441190648702e-06,-5.71570196474722
"FBgn0267411","FBgn0031722",0.994570844041526,3.98443631294417e-07,-6.39963311052726
"FBgn0038694","FBgn0031724",0.991322911277267,1.62267488524233e-06,-5.78976848552748
"FBgn0051735","FBgn0031724",0.993939396321441,5.54002216723093e-07,-6.25648849753027
"FBgn0267411","FBgn0031724",0.990017303193211,2.46846166137535e-06,-5.60757361358621
"FBgn0032626","FBgn0031728",0.990816419884869,1.92300301540816e-06,-5.71602003475575
"FBgn0037985","FBgn0031728",0.996672966791473,9.18389903223702e-08,-7.0369728995523
"FBgn0045770","FBgn0031728",0.993355944446896,7.29580380363173e-07,-6.13692685342769
"FBgn0051029","FBgn0031728",0.993914377795978,5.60880891290154e-07,-6.25112935576265
"FBgn0259795","FBgn0031728",0.991653065879051,1.44476834298974e-06,-5.84020178296045
"FBgn0267411","FBgn0031728",0.991935955899612,1.30307181318279e-06,-5.88503164936063
"FBgn0267412","FBgn0031728",0.993712830568451,6.18379925853705e-07,-6.20874461713706
"FBgn0267727","FBgn0031728",0.993829585396891,5.84616463290056e-07,-6.23312895870942
"FBgn0029501","FBgn0031728",0.991693211751013,1.42406493806981e-06,-5.84647020620313
"FBgn0031443","FBgn0031728",0.992976818261518,8.61492133933964e-07,-6.06474868363054
"FBgn0002862","FBgn0031751",0.991512134892347,1.51903096459471e-06,-5.81843337319741
"FBgn0263032","FBgn0031751",0.992479909199592,1.05719860859684e-06,-5.97584341712481
"FBgn0263033","FBgn0031751",0.992479909199592,1.05719860859684e-06,-5.97584341712481
"FBgn0029658","FBgn0031751",0.9972357151364,5.26972041918188e-08,-7.27821242532397
