gene,baseMean,log2FoldChange,lfcSE,stat,pvalue,padj,updown,symbol,genename,ensembl,refseq,entrezid,GO,degree,betweenness,rank
FBgn0000146,32.6756562172748,1.07869656272902,0.344978093868926,3.12685524646346,0.0017668689824185,0.040057934407544,1,aub,aubergine,FBgn0000146,NM_001103674,34524,GO:0000398|GO:0001556|GO:0003723|GO:0003723|GO:0004521|GO:0004521|GO:0005737|GO:0007076|GO:0007279|GO:0007317|GO:0007318|GO:0010529|GO:0030717|GO:0031047|GO:0031047|GO:0031507|GO:0034584|GO:0034584|GO:0034584|GO:0035194|GO:0035194|GO:0035282|GO:0043186|GO:0043186|GO:0045089|GO:0046011|GO:0046012|GO:0046012|GO:0046594|GO:0046843|GO:0046843|GO:0048477|GO:0048477|GO:0050829|GO:0060213|GO:0071011|GO:0071013|GO:0098795|GO:1990511,16,1153.2437343236,140
FBgn0000337,52.1676891586617,-1.74677288260665,0.271063774233714,-6.44413989860766,1.16257811651472e-10,1.22642303141333e-07,-1,cn,cinnabar,FBgn0000337,NM_078927,35724,GO:0004502|GO:0004502|GO:0004502|GO:0005741|GO:0005741|GO:0006569|GO:0006569|GO:0006727|GO:0016174|GO:0019674|GO:0019674|GO:0019805|GO:0048072|GO:0050660|GO:0070189|GO:0070189|GO:0071949|GO:1901216,10,37.9504711251245,88.5
FBgn0001259,55.2252415076284,1.08847377673891,0.303039448506599,3.59185506079487,0.000328332451500345,0.0130293432712942,1,in,inturned,FBgn0001259,NM_176370,40246,GO:0001736|GO:0001737|GO:0005737|GO:0005886|GO:0005929|GO:0007399|GO:0016192|GO:0035316|GO:0060271,11,164.323950955277,104.75
FBgn0001311,306.347896506218,3.94333773351616,1.09580544774811,3.59857467547708,0.000319965980233269,0.0127774427248358,1,kkv,krotzkopf verkehrt,FBgn0001311,NM_079509,45884,GO:0001838|GO:0004100|GO:0004100|GO:0005737|GO:0006031|GO:0006035|GO:0006035|GO:0006038|GO:0007424|GO:0007443|GO:0008362|GO:0009611|GO:0016021|GO:0030428|GO:0035002|GO:0035149|GO:0035149|GO:0035158|GO:0035159|GO:0045177|GO:0060439|GO:0071944,17,1141.85516083319,141
FBgn0002939,146.266995890828,1.25179938841396,0.258212836170542,4.84793632640008,1.24752426076644e-06,0.000179459200193664,1,ninaD,neither inactivation nor afterpotential D,FBgn0002939,NM_001201907,326160,GO:0005044|GO:0005044|GO:0005044|GO:0005737|GO:0007602|GO:0007603|GO:0007604|GO:0016020|GO:0016063|GO:0046867|GO:0046867,27,1014.27189404413,145
FBgn0031925,7975.71052763619,-1.21289071345595,0.217763670739983,-5.5697569265545,2.55094966884936e-08,8.72769509674702e-06,-1,Cyp4d21,Cyp4d21,FBgn0031925,NM_135285,34036,GO:0004497|GO:0005506|GO:0005737|GO:0007618|GO:0016705|GO:0020037,20,168.447780422883,114.75
FBgn0031940,514.286899295291,5.23631237588276,1.14712210086942,4.56473846324998,5.00117431849685e-06,0.000565266658016532,1,CG7214,uncharacterized protein,FBgn0031940,NM_135297,34053,NA,14,177.076884897689,110.5
FBgn0031942,10817.5583298908,3.37163705013013,0.976929706738112,3.45125859811116,0.000557978662608563,0.018346628285615,1,CG7203,uncharacterized protein,FBgn0031942,NM_001298784,34055,NA,1,0,11.25
FBgn0032109,167.590123054873,1.43365544658602,0.330567312266212,4.33695466365855,1.44470408650487e-05,0.00133492766650111,1,CG17005,uncharacterized protein,FBgn0032109,NM_001273356,34249,NA,10,840.616417515521,127.5
FBgn0032377,136.365982525886,1.23658990222997,0.317585883961829,3.89371809226445,9.87193669337946e-05,0.00545715487342753,1,CG14937,uncharacterized protein,FBgn0032377,NM_135674,34591,GO:0019005|GO:0031146,17,90.4629970287216,103
FBgn0032414,1314.46227258406,1.33360352541979,0.166674871862376,8.00122724270605,1.23185206833863e-15,3.11880306661974e-12,1,CG17211,uncharacterized protein,FBgn0032414,NM_135708,34639,GO:0005178|GO:0005615|GO:0030513|GO:0031012|GO:0036122|GO:0060562|GO:0070700,12,590.832673751823,130.25
FBgn0032538,752.469105962255,3.00868206466048,0.692348684699182,4.34561678407423,1.38884855387957e-05,0.0013023284328564,1,Vajk2,Vajk2,FBgn0032538,NM_135845,34811,GO:0005214|GO:0008061|GO:0040003|GO:0062129,19,417.451578525916,129.25
FBgn0032639,28.1219467209361,1.97377867494263,0.393501840334161,5.01593251321647,5.27768531699922e-07,0.000102668613843502,1,CG18563,uncharacterized protein,FBgn0032639,NM_135997,35050,GO:0005615|GO:0006508,11,756.587680402926,129.25
FBgn0033308,997.497424058247,5.03405796348879,1.02925052981129,4.89099380343462,1.00328123410947e-06,0.000151196870745141,1,CG8736,uncharacterized protein,FBgn0033308,NM_136550,35841,GO:0042302,24,1074.36281048072,145.5
FBgn0033667,39.1899976706091,1.63390642111806,0.502769145535631,3.24981442402827,0.00115480339705377,0.030392216638885,1,reb,rebuf,FBgn0033667,NM_136869,36275,GO:0005737|GO:0006355|GO:0045177|GO:0060439,7,415.069322510353,105
FBgn0033724,54.1316474183625,-1.31983563332598,0.398207144327985,-3.31444488660126,0.000918252798050402,0.0260631438800898,-1,CG8501,uncharacterized protein,FBgn0033724,NM_001299414,36347,NA,20,308.003187526976,122.75
FBgn0033730,665.43889612185,1.22651184854365,0.224565963627045,5.4616996660305,4.71597433092596e-08,1.45608583061443e-05,1,Cpr49Ag,Cuticular protein 49Ag,FBgn0033730,NM_136932,36353,GO:0008010|GO:0008010|GO:0040003|GO:0062129|GO:0062129,6,359.738645503554,95.25
FBgn0033774,64.6587306379901,5.30447201250129,1.5018136302223,3.53204412701736,0.000412360538782816,0.0150002070702634,1,CG12374,uncharacterized protein,FBgn0033774,NM_136975,36410,GO:0004181|GO:0005615|GO:0006508|GO:0008270,8,356.409672851879,107.25
FBgn0033936,3331.57658717979,-2.31721676664353,0.163727399896192,-14.1528954109863,1.79223380335052e-45,1.13439438583071e-41,-1,Achl,Achilles,FBgn0033936,NM_001299490,36605,GO:0003723|GO:0003729|GO:0005634|GO:0005844|GO:0010629,5,172.452003702869,80.5
FBgn0034168,17.0070515484373,2.48930891118237,0.579988970356469,4.29199353507087,1.77076105665314e-05,0.00152490232763075,1,CG15614,uncharacterized protein,FBgn0034168,NM_137324,36899,GO:0004930|GO:0007186|GO:0016021,7,9.21941639668264,71
FBgn0034394,3150.90507710583,-1.00349706953628,0.248056247901841,-4.04544162069795,5.22245794744605e-05,0.00344328620607914,-1,CG15096,uncharacterized protein,FBgn0034394,NM_137532,37170,GO:0005886|GO:0006820|GO:0016021|GO:0022857|GO:0055085,10,69.3527240137748,92.5
FBgn0034709,4035.8515544665,1.04077362684954,0.243013970309619,4.28277281970048,1.84578603146786e-05,0.00155772035815677,1,Swim,Secreted Wg-interacting molecule,FBgn0034709,NM_137808,37537,GO:0005615|GO:0005615|GO:0005764|GO:0017147|GO:0035593|GO:0042600|GO:0090263,8,127.879382647159,91.75
FBgn0035076,1771.23782773843,-1.03742396991931,0.269845117749488,-3.84451636024189,0.000120790426854924,0.00639784942910662,-1,Ance-5,Ance-5,FBgn0035076,NM_133164,37980,GO:0005615|GO:0005886|GO:0008237|GO:0008241,4,360.934567997131,81.5
FBgn0035143,48.720362968906,3.15687679665709,0.727506362656818,4.33931159739734,1.42929742133822e-05,0.00133040265122945,1,Ppm1,Ppm1,FBgn0035143,NM_138195,38071,GO:0004721|GO:0004722|GO:0005575|GO:0006470|GO:0006470|GO:0043169,7,5.02778414396061,68
FBgn0035281,272.972777929971,3.17103569135018,0.980810607163197,3.23307646572235,0.00122464778279392,0.031103386402271,1,Cpr62Bc,Cuticular protein 62Bc,FBgn0035281,NM_001274364,38241,GO:0008010|GO:0031012|GO:0040003|GO:0062129,3,141,57
FBgn0035308,212.514011874405,1.30413444467982,0.217552184675164,5.99458215796396,2.04009306965985e-09,1.12284948560105e-06,1,CG15822,uncharacterized protein,FBgn0035308,NM_001144400,38273,GO:0005546|GO:0010314|GO:0032266|GO:0043325|GO:0070273|GO:0080025,4,141,67.25
FBgn0035316,23.044409722646,-1.33031866187453,0.378694707690121,-3.51290534264109,0.000443235352722089,0.0158949471107902,-1,CG15878,uncharacterized protein,FBgn0035316,NM_139442,38281,GO:0003674|GO:0005575|GO:0008150,2,0,18
FBgn0035398,297.118039967449,1.72728660678964,0.427150680629248,4.04374073393756,5.26050892619593e-05,0.00345040323817172,1,Cht7,Chitinase 7,FBgn0035398,NM_139511,38370,GO:0004568|GO:0005576|GO:0005975|GO:0006032|GO:0006032|GO:0008061|GO:0018990|GO:0040003|GO:0042060,3,0,25.5
FBgn0035427,110.259127098169,1.29105077723522,0.364897521476728,3.53811879020274,0.000402988715273622,0.0148251773361345,1,ckd,cracked,FBgn0035427,NM_139539,38402,GO:0005576|GO:0008061,5,0.5,53.5
FBgn0035429,6.8886213012834,5.01594024189265,1.53318437506496,3.27158319864832,0.0010694711591982,0.0288638488424674,1,CG12017,uncharacterized protein,FBgn0035429,NM_001259666,38404,NA,8,1111.78570177207,126.25
FBgn0035665,255.066961657574,7.57548418995971,1.47102123513565,5.14981293880584,2.60746382402287e-07,6.34767010544337e-05,1,Jon65Aiii,Jonah 65Aiii,FBgn0035665,NM_139756,38683,GO:0004175|GO:0004252|GO:0004252|GO:0006508|GO:0006508|GO:0017171,5,311.184454406781,88.5
FBgn0035918,50.5081447784665,1.8671171489767,0.44348802834245,4.21007339466435,2.55287741779244e-05,0.00195859849889906,1,Cdc6,Cdc6,FBgn0035918,NM_139990,38989,GO:0003688|GO:0005634|GO:0005634|GO:0006270|GO:0033314|GO:0051301,13,97.8505038288812,100.5
FBgn0035921,356.945266020783,1.52528951365875,0.40650534872774,3.7522003546387,0.000175289284659249,0.00823552575298502,1,CG13305,uncharacterized protein,FBgn0035921,NM_001144441,38992,NA,7,183.926314387207,92.5
FBgn0036080,42.2469459712176,-1.07273665316081,0.346015582589526,-3.1002553270365,0.00193353887203127,0.0424942162865344,-1,Or67d,Odorant receptor 67d,FBgn0036080,NM_140133,39191,GO:0004984|GO:0005549|GO:0005886|GO:0005929|GO:0007608|GO:0007619|GO:0016021|GO:0016503|GO:0019236|GO:0032590|GO:0043695|GO:0050911|GO:0050911|GO:0071683,2,56.9878727005092,41.75
FBgn0036417,108.030904642639,1.13655073921879,0.228790104349856,4.96765689428954,6.77667255663813e-07,0.000113105207396298,1,CG7906,uncharacterized protein,FBgn0036417,NM_001274906,39575,NA,3,340,69.5
FBgn0036585,509.752585599244,-1.29161375569546,0.26015805118289,-4.96472721033513,6.87977009994073e-07,0.000113105207396298,-1,CG13071,uncharacterized protein,FBgn0036585,NM_001202188,39781,NA,2,0,18
FBgn0036595,33.9051436681605,1.7549511009545,0.339600595032317,5.16769147824224,2.37003110487652e-07,5.88278897188861e-05,1,CG13046,uncharacterized protein,FBgn0036595,NM_140606,39791,NA,5,382.927371841462,93
FBgn0036597,78.2933937253098,2.53868600824903,0.69090315998848,3.67444550158283,0.000238366513677137,0.0101618776300198,1,CG4962,uncharacterized protein,FBgn0036597,NM_140608,39793,NA,9,24.0022335377442,83
FBgn0036619,16942.4071695674,-1.45744167765923,0.23114537053879,-6.30530334335486,2.87630000462032e-10,2.80085244296067e-07,-1,Cpr72Ec,Cuticular protein 72Ec,FBgn0036619,NM_140627,39816,GO:0005212|GO:0005615|GO:0008010|GO:0031012|GO:0040003|GO:0062129,17,98.6302539667651,104.5
FBgn0036877,271.452769872596,-1.12246329831637,0.216864619722043,-5.17587101001093,2.26850150684278e-07,5.74339211502454e-05,-1,CG9452,uncharacterized protein,FBgn0036877,NM_140862,40119,GO:0003993|GO:0005634|GO:0016311|GO:0016311|GO:0016791|GO:0070062,1,0,11.25
FBgn0036881,290.538129396409,3.66220975864752,1.13113477260163,3.23764227513259,0.00120521827699404,0.0308831788529941,1,Cpr76Bd,Cuticular protein 76Bd,FBgn0036881,NM_001104175,40123,GO:0008010|GO:0031012|GO:0040003|GO:0062129,23,166.504886198512,115.75
FBgn0037030,108.060277625804,1.60204175336692,0.390723021953547,4.10019800050939,4.12796804619341e-05,0.00285551625665368,1,CG3288,uncharacterized protein,FBgn0037030,NM_001300204,40307,NA,23,473.279113153916,135.25
FBgn0037174,14.4950702452623,1.81782674730154,0.538791513363068,3.37389640002847,0.000741122545000154,0.0223377864218023,1,CG14457,uncharacterized protein,FBgn0037174,NM_001014600,40479,GO:0005615|GO:0005615|GO:0032504,6,552,106.75
FBgn0037195,15.7171857536962,-1.4372233673854,0.455912118030386,-3.15241317470226,0.00161926969877736,0.0376807630823944,-1,CG11226,uncharacterized protein,FBgn0037195,NM_141163,40501,NA,1,0,11.25
FBgn0037415,69.7535029368336,-1.00412408428737,0.269879809964488,-3.72063432392182,0.000198723009951958,0.00890077356088851,-1,Osi8,Osiris 8,FBgn0037415,NM_141370,40762,GO:0003674|GO:0005887|GO:0008150,4,497.757996233212,90.5
FBgn0037419,32.410765563365,1.21814588999073,0.307126341450117,3.96626966035922,7.3006261662436e-05,0.00442194385830037,1,Osi12,Osiris 12,FBgn0037419,NM_141374,40766,GO:0003674|GO:0005887|GO:0008150,5,180.603507665684,81.5
FBgn0038095,37.6702963896541,-1.81213623624871,0.35939240390229,-5.04222186271189,4.60157319908126e-07,9.39537340760802e-05,-1,Cyp304a1,Cyp304a1,FBgn0038095,NM_169484,41586,GO:0004497|GO:0005506|GO:0016705|GO:0020037,8,541.063592948431,118.25
FBgn0038203,30.207502930294,-1.39736650497093,0.384804992569169,-3.63136272126135,0.000281928611751271,0.0114388919748697,-1,Or88a,Odorant receptor 88a,FBgn0038203,NM_079624,41715,GO:0004984|GO:0004984|GO:0005549|GO:0005886|GO:0016021|GO:0032590|GO:0050911|GO:0050911,4,1.87722780748093,46.5
FBgn0038466,132.147467065974,1.75466055954792,0.439346719634345,3.99379460715736,6.50241962223039e-05,0.00407495693058488,1,CG8907,uncharacterized protein,FBgn0038466,NM_001260217,42050,GO:0042048|GO:0045202,4,0,35.75
FBgn0038511,19.7212385396222,3.28659042676356,0.968102048583844,3.39488014881411,0.000686586493089634,0.021392314165884,1,cysu,Curly Su,FBgn0038511,NM_142370,42100,GO:0004601|GO:0006979|GO:0020037,8,282.098139853202,104.75
FBgn0038789,17.4298706034947,-1.85582145048895,0.545975003616922,-3.39909599925763,0.00067608981241519,0.0211323973712689,-1,Ir92a,Ionotropic receptor 92a,FBgn0038789,NM_001104375,42415,GO:0004984|GO:0016020|GO:0016021|GO:0036081|GO:0050850|GO:0050911|GO:0050911|GO:0071242|GO:0071418,4,9.95793650793651,51.5
FBgn0038819,73.1849007144476,1.48138293997002,0.447383188888502,3.31121726690364,0.000928910558572852,0.0263066638947958,1,Cpr92F,Cuticular protein 92F,FBgn0038819,NM_142648,42450,GO:0008010|GO:0031012|GO:0040003|GO:0062129,8,49.7872823796775,85.25
FBgn0038846,53.4248655335274,1.17246391985157,0.272323035596012,4.30541587231315,1.66672323240006e-05,0.00146521176381613,1,CG5697,uncharacterized protein,FBgn0038846,NM_001260289,42483,NA,3,968.732172250227,87.25
FBgn0038850,132.91131597597,-1.11948169154775,0.249495536202885,-4.48698084376712,7.22395670711444e-06,0.000781607418421895,-1,CG17279,uncharacterized protein,FBgn0038850,NM_142680,42489,GO:0005615|GO:0005615|GO:0032504,1,0,11.25
FBgn0039027,7.5775359600826,3.83050720608585,1.20034616498146,3.19116877933709,0.00141698477501582,0.0342975339711764,1,CG7031,uncharacterized protein,FBgn0039027,NM_001300545,42704,NA,5,30.9988394368827,65
FBgn0039155,653.123079760861,1.06727983941649,0.261231804318107,4.08556623571317,4.39694546669383e-05,0.00299252326144501,1,Kal1,Kallmann syndrome 1,FBgn0039155,NM_142963,42865,GO:0005576|GO:0009897|GO:0009986|GO:0009986|GO:0030182|GO:0030414|GO:0031012,8,193.215544118422,101.5
FBgn0039217,24.8113462766966,3.1627014909675,0.736583872167357,4.29374251931613,1.75686210283512e-05,0.00152329570957464,1,CG13627,uncharacterized protein,FBgn0039217,NM_001300580,42941,GO:0000077|GO:0005634|GO:0006281|GO:0031151|GO:2000677,8,193.215544118422,101.5
FBgn0003863,230.663897349449,6.18995646041625,1.99071250368296,3.10941758238038,0.00187456574850517,0.0416788995447704,1,alphaTry,alphaTrypsin,FBgn0003863,NM_057423,48316,GO:0004252|GO:0004252|GO:0006508|GO:0006508|GO:0017171,13,955.004640855593,135
FBgn0003950,27.1931682749462,1.29547314292053,0.362008725403455,3.57856883553494,0.000345480880353014,0.0134761386107663,1,unc,uncoordinated,FBgn0003950,NM_001298583,33093,GO:0005814|GO:0007283|GO:0007605|GO:0007626|GO:0035869|GO:0036064|GO:0061822|GO:0061823|GO:1905515,1,0,11.25
FBgn0004379,81.399262313282,-1.01016959220578,0.246227803231538,-4.10258134519389,4.08566140553013e-05,0.00285551625665368,-1,Klp67A,Kinesin-like protein at 67A,FBgn0004379,NM_001274695,39068,GO:0000070|GO:0000776|GO:0003774|GO:0003774|GO:0003777|GO:0005524|GO:0005634|GO:0005634|GO:0005737|GO:0005828|GO:0005871|GO:0005871|GO:0005874|GO:0005875|GO:0005876|GO:0007018|GO:0007019|GO:0007019|GO:0007052|GO:0007054|GO:0007059|GO:0007060|GO:0007100|GO:0007110|GO:0007141|GO:0008017|GO:0008574|GO:0016346|GO:0016887|GO:0031134|GO:0051225|GO:0051231|GO:0055047|GO:0061673|GO:0072686|GO:1990023|GO:1990023,5,417,95
FBgn0004577,109.474790540227,7.28419822774988,1.63967988090927,4.44245142759847,8.89397151450683e-06,0.000892843600301968,1,Pxd,Peroxidase,FBgn0004577,NM_001170162,2768671,GO:0004601|GO:0004601|GO:0006979|GO:0007306|GO:0018149|GO:0018212|GO:0020037|GO:0042600,5,47.2202029771781,67.5
FBgn0004782,55.6470613050368,6.02851798754892,1.46620595894714,4.11164471864368,3.92850506775646e-05,0.00277883813851031,1,Ccp84Ab,Ccp84Ab,FBgn0004782,NM_141425,40824,GO:0008010|GO:0031012|GO:0040003|GO:0062129,7,762.15773693619,114.5
FBgn0004959,65.8440853028903,-1.08639188280631,0.303025002999033,-3.5851559180078,0.000336876883890408,0.0132851229693728,-1,phm,phantom,FBgn0004959,NM_001298485,32857,GO:0001700|GO:0005506|GO:0005737|GO:0005783|GO:0006082|GO:0006697|GO:0006697|GO:0006805|GO:0007298|GO:0008395|GO:0016712|GO:0020037|GO:0035302|GO:0043231|GO:0048477,4,0,35.75
FBgn0039480,218.379247250934,4.72569165636063,1.06412357606375,4.44092374481656,8.95735344326961e-06,0.000892843600301968,1,Cpr97Ea,Cuticular protein 97Ea,FBgn0039480,NM_001276077,43258,GO:0008010|GO:0008010|GO:0040003|GO:0062129|GO:0062129,7,426.629199665831,107
FBgn0039805,1111.93356932642,3.57835963021969,0.898539282739959,3.982418686591,6.82174675040033e-05,0.00423316137810381,1,Cpr100A,Cuticular protein 100A,FBgn0039805,NM_143572,43657,GO:0008010|GO:0008010|GO:0040003|GO:0062129|GO:0062129,5,371.70909577715,91.5
FBgn0040001,156.052065528756,1.42023218258928,0.427023972537536,3.32588396419465,0.000881386123206248,0.0254580294668926,1,NA,NA,FBgn0040001,NA,NA,NA,4,7.97970177970178,49.5
FBgn0040060,413.313554012391,8.00031546330211,1.56239734481654,5.12053831238526,3.0466471019717e-07,7.08976764435465e-05,1,yip7,yippee interacting protein 7,FBgn0040060,NM_079220,38680,GO:0004252|GO:0004252|GO:0006508|GO:0006508|GO:0017171,3,3,37.25
FBgn0040496,94.8211999521169,2.21531891888823,0.496482625868202,4.4620270749944,8.11879647902155e-06,0.000849387145685403,1,CG17104,uncharacterized protein,FBgn0040496,NM_001273429,34465,NA,4,2.13333333333333,47
FBgn0040637,526.202374589539,4.90508086252402,1.31536602017543,3.72906155951164,0.00019219419975344,0.00872038127125018,1,CG11458,uncharacterized protein,FBgn0040637,NM_144026,50110,GO:0005615,4,1072,98.5
FBgn0040817,504.265398462982,1.23403959166951,0.204793642033661,6.02577101229867,1.68305334301776e-09,1.01360835026737e-06,1,CG14132,uncharacterized protein,FBgn0040817,NM_001104116,50290,GO:0005615,3,340,69.5
FBgn0042207,8.22971714364172,2.27255023616366,0.678144989117549,3.35112737339676,0.000804832738920964,0.0237988097599188,1,CG18530,uncharacterized protein,FBgn0042207,NM_144457,59241,GO:0004806|GO:0006629,4,434.743651140959,87.5
FBgn0042711,11.3813845853389,2.63512955440638,0.855784062869747,3.0791991446649,0.00207557888790133,0.0447610786063764,1,Hex-t1,Hex-t1,FBgn0042711,NM_176567,117364,GO:0001678|GO:0004340|GO:0005524|GO:0005536|GO:0005739|GO:0005829|GO:0006006|GO:0006096|GO:0008865|GO:0046835|GO:0051156,6,147.217387209602,83.25
FBgn0046258,73.8389909555862,1.21120583242906,0.338554214677248,3.57758308690303,0.000346786002607494,0.0134761386107663,1,CG12880,uncharacterized protein,FBgn0046258,NM_143323,43328,NA,2,0,18
FBgn0046875,44.5345394085189,2.14152822755456,0.685225506532908,3.12528971431643,0.00177630020788372,0.0401539005921429,1,Obp83g,Odorant-binding protein 83g,FBgn0046875,NM_169126,170878,GO:0005549|GO:0005576|GO:0007606|GO:0007608,2,0,18
FBgn0050025,2313.03685220518,5.9607662872783,1.68313607653734,3.54146427634132,0.000397912736999313,0.0147717810488982,1,CG30025,uncharacterized protein,FBgn0050025,NM_165825,246398,GO:0004252|GO:0004252|GO:0006508|GO:0006508|GO:0017171,3,0.5,33.75
FBgn0050031,2360.87494336016,5.94980701742225,1.67867038919595,3.54435692421554,0.000393572050586491,0.0147717810488982,1,gammaTry,gammaTrypsin,FBgn0050031,NM_165823,36221,GO:0004252|GO:0004252|GO:0006508|GO:0005829|GO:0006508,21,268.895814958289,122.5
FBgn0050050,90.5342735289239,1.71672126513132,0.231630434950469,7.41146674226303,1.24910125374015e-13,1.75693030789962e-10,1,CG30050,uncharacterized protein,FBgn0050050,NM_165897,246417,GO:0003674|GO:0005575,4,70.8882662456291,61
FBgn0050289,33.2358927698718,1.38789751595843,0.403461547679995,3.43997469880138,0.000581768569995363,0.0189321550837309,1,CG30289,uncharacterized protein,FBgn0050289,NM_166459,246532,GO:0004252|GO:0004252|GO:0005615|GO:0006508,8,796.459387718661,121.75
FBgn0050401,25.5081331868234,2.10577558613522,0.551089037969311,3.82111680880956,0.000132848707346657,0.00684090274484272,1,dany,distal antenna-young,FBgn0050401,NM_166493,246593,GO:0003677|GO:0005634|GO:0005705|GO:0005730|GO:0006357,10,1548.09400948245,134.5
FBgn0051055,17.6600840932872,1.47119797335164,0.483843412184879,3.04064897093087,0.00236068877558121,0.0477379540097165,1,CG31055,uncharacterized protein,FBgn0051055,NM_170346,318574,GO:0003674|GO:0005575|GO:0008150,6,16.0133164754567,66.25
FBgn0051076,16.0368733472406,1.64064823022227,0.47173867351331,3.477875193067,0.000505405188593489,0.0173085226176157,1,CG31076,uncharacterized protein,FBgn0051076,NM_170305,318582,NA,2,0,18
FBgn0051084,60.7633436067263,-1.743702538573,0.393142085587042,-4.43529859177833,9.19447588489909e-06,0.00090931929864795,-1,asRNA:CR31084,antisense RNA:CR31084,FBgn0051084,NR_167780,10178907,NA,1,0,11.25
FBgn0051131,7.4374795640719,3.50776954065368,0.917801743208137,3.82192512338495,0.000132413899431916,0.00684090274484272,1,CG31131,uncharacterized protein,FBgn0051131,NM_170364,318603,GO:0003674|GO:0005575|GO:0008150,2,0,18
FBgn0051253,7.4374795640719,3.50776954065368,0.917801743208137,3.82192512338495,0.000132413899431916,0.00684090274484272,1,CG31131,uncharacterized protein,FBgn0051253,NM_170364,318603,GO:0003674|GO:0005575|GO:0008150,8,483.329584789767,116.75
FBgn0051407,12.7339498532708,3.4520939155338,1.07478621342163,3.21188890630065,0.00131865356630987,0.0327953546088735,1,CG31407,uncharacterized protein,FBgn0051407,NM_001300336,318716,GO:0003674|GO:0005575|GO:0008150,4,0,35.75
FBgn0052055,111.486290703239,1.45420546643735,0.310024975946088,4.69060746476834,2.72395113868025e-06,0.000348308055197508,1,CG32055,uncharacterized protein,FBgn0052055,NM_168402,39188,GO:0005615|GO:0031012,4,0,35.75
FBgn0052580,157.906581250931,-1.62272799872713,0.324888779264882,-4.99471850766542,5.89216456043709e-07,0.000106555587386533,-1,Muc14A,Mucin 14A,FBgn0052580,NM_167482,318097,GO:0005201|GO:0031012,4,42.1205893842841,57
FBgn0053258,7.46643831749947,2.11052196888398,0.647243090408424,3.26078717588503,0.00111103397190701,0.0297348394299594,1,CG33258,uncharacterized protein,FBgn0053258,NM_001038938,3885664,NA,4,141,67.25
FBgn0053463,37.3542862833284,-1.27280039692537,0.369968741065811,-3.44029172102126,0.000581087491484977,0.0189321550837309,-1,CG33463,uncharacterized protein,FBgn0053463,NM_206124,2768844,GO:0003674|GO:0005575|GO:0008150,6,452.184454406781,103.25
FBgn0053551,133.098238939811,-1.13654776514709,0.309734668281699,-3.66942380538887,0.000243097779378046,0.010326761037405,-1,tRNA:Arg-TCG-2-4,transfer RNA:Arginine-TCG 2-4,FBgn0053551,NA,3772153,GO:0005829|GO:0006412|GO:0033431,2,1.15384615384615,28.25
FBgn0062565,51.5573650161776,-1.17708934367625,0.370295782336358,-3.17878139537393,0.00147895585149784,0.0355258104821844,-1,Or19b,Odorant receptor 19b,FBgn0062565,NM_167690,260693,GO:0004984|GO:0004984|GO:0005549|GO:0005886|GO:0016021|GO:0016021|GO:0032590|GO:0050911|GO:0050911,1,0,11.25
FBgn0082997,21.0890776373935,3.03629260248673,0.832863205069492,3.64560780690677,0.000266760552174787,0.0109640319155215,1,snoRNA:Psi28S-1232,ncRNA,FBgn0082997,NR_003730,5740222,NA,10,545.570780679745,124
FBgn0083970,1130.20532383526,-2.35534157029648,0.140607580538696,-16.7511706073933,5.55228991951684e-63,7.02864380911637e-59,-1,CG34134,uncharacterized protein,FBgn0083970,NM_001042882,4379889,GO:0003674|GO:0005575|GO:0008150,11,388.794831859185,119.25
FBgn0085219,14.8700153785614,2.60843821972069,0.667936210960929,3.90522055387302,9.41394869063191e-05,0.00527306090596059,1,CG34190,uncharacterized protein,FBgn0085219,NM_001103881,5740440,GO:0003674|GO:0005575|GO:0008150,7,1489.39230227117,121.5
FBgn0085320,63.1386695336518,-1.6910002912242,0.394592698269855,-4.28543229167346,1.82384190604369e-05,0.00154953118715484,-1,CG34291,uncharacterized protein,FBgn0085320,NM_001104468,5740331,NA,7,8.58897679962589,70
FBgn0085485,92.9636710676254,-1.79543531939753,0.564378755568914,-3.18125957379042,0.00146636179623889,0.0353574742449297,-1,CG34456,uncharacterized protein,FBgn0085485,NM_001104089,5740168,GO:0005737,10,18.670508202131,84.5
FBgn0085599,111.721229335458,-1.76379082536645,0.375046574673954,-4.70285811008885,2.56544710108998e-06,0.000331387702578552,-1,CG41284,uncharacterized protein,FBgn0085599,NM_001110947,5740851,NA,7,135.401397616383,86
FBgn0086265,11.0608290374976,3.14871779186724,0.816129260277473,3.85811163147946,0.000114266459152822,0.00620815067131148,1,psd,palisade,FBgn0086265,NM_001273187,33830,GO:0007305|GO:0032529|GO:0042600|GO:0060388,19,184.382922726193,116.25
FBgn0250815,259.357577499761,7.30214425075144,1.71732567009532,4.25204396458253,2.11828261043472e-05,0.00173002190745117,1,Jon65Aiv,Jonah 65Aiv,FBgn0250815,NM_139755,38682,GO:0004252|GO:0004252|GO:0006508|GO:0006508|GO:0017171,4,19.0968626033964,53
FBgn0250816,33.94502821536,-1.17696486222899,0.347656990093972,-3.38541981253089,0.000710694705350207,0.021889742761626,-1,AGO3,Argonaute 3,FBgn0250816,NM_001043162,3355150,GO:0003723|GO:0003723|GO:0004521|GO:0004521|GO:0005737|GO:0005739|GO:0005829|GO:0010529|GO:0031047|GO:0034584|GO:0034584|GO:0043186|GO:0043186|GO:0060213,3,243.451062311548,66.75
FBgn0259713,102.841385498819,-1.40332295830958,0.216105622629476,-6.49369017443681,8.37589157369792e-11,9.63912831194926e-08,-1,CG42367,uncharacterized protein,FBgn0259713,NM_164877,318998,GO:0008150|GO:0031012,2,0,18
FBgn0259715,5786.38177250037,-1.03132795284699,0.314378841059092,-3.28052597106285,0.00103613724943695,0.0283059877022371,-1,CG42369,uncharacterized protein,FBgn0259715,NM_135180,33894,GO:0003674|GO:0005575|GO:0008150,7,5.88621117212467,68.5
FBgn0260453,24.2729305626024,2.59165789463006,0.579146380332366,4.4749617413524,7.64249962268185e-06,0.00080622002269608,1,CG17140,uncharacterized protein,FBgn0260453,NM_001038807,3885616,GO:0005741|GO:0008308|GO:0015267|GO:0098656,18,133.386752019206,108
FBgn0260454,24.2729305626024,2.59165789463006,0.579146380332366,4.4749617413524,7.64249962268185e-06,0.00080622002269608,1,CG17139,uncharacterized protein,FBgn0260454,NM_001038809,34497,GO:0005741|GO:0008308|GO:0098656,10,45.869241473116,89.5
FBgn0260479,8181.49015596006,4.53722442288685,0.95696465959174,4.741266438013,2.1238640462715e-06,0.00028602122299735,1,CG31904,uncharacterized protein,FBgn0260479,NM_164768,319016,GO:0005326|GO:0005332|GO:0005887|GO:0006836|GO:0035725|GO:0043005,7,509.143066627739,111
FBgn0260997,163.812584532578,-1.59400969690203,0.378055272148314,-4.21634034580185,2.48298931488658e-05,0.00191659522787495,-1,CG42598,uncharacterized protein,FBgn0260997,NM_001170386,8674042,NA,6,187.902276441546,88.25
FBgn0261401,15.0657198780091,-1.6714183643219,0.514555537206929,-3.24827592643268,0.00116106617561608,0.0304192706575009,-1,Ir75c,Ionotropic receptor 75c,FBgn0261401,NM_140756,39983,GO:0004972|GO:0005886|GO:0007268|GO:0015276|GO:0015276|GO:0016021|GO:0017146|GO:0035235|GO:0038023|GO:0042391|GO:0043005|GO:0045202|GO:0050907,13,142.904960753615,106.5
FBgn0261429,76.7624489104655,-2.03935895022928,0.313685406178263,-6.50128730907659,7.96355705017659e-11,9.63912831194926e-08,-1,lncRNA:CR42646,long non-coding RNA:CR42646,FBgn0261429,NR_037737,10178834,NA,5,0.55,54.5
FBgn0261805,65.3508530371731,1.02704695027478,0.29674253055099,3.46107094378337,0.00053803100490628,0.0178985418293635,1,CG42751,uncharacterized protein,FBgn0261805,NM_001201863,10178957,NA,3,381.327720993321,72.75
FBgn0262149,72.0288783887023,1.29597395302551,0.307060268674762,4.22058496404887,2.43669195114773e-05,0.00190407922281352,1,CR42875,pseudo,FBgn0262149,NA,10178955,NA,7,437.857082698159,108.25
FBgn0262364,23.0863237074468,2.45924874690481,0.408120244964176,6.02579454768455,1.68280841839532e-09,1.01360835026737e-06,1,CG43062,uncharacterized protein,FBgn0262364,NM_001260128,12797888,GO:0003674|GO:0005575|GO:0008150,7,230.964289999371,96.5
FBgn0262540,104.709510268984,-1.30516213349095,0.355204627407665,-3.67439507479452,0.000238413591604067,0.0101618776300198,-1,CG43094,uncharacterized protein,FBgn0262540,NM_001260320,12798517,GO:0003674|GO:0005575|GO:0008150,17,419.449258688413,127.5
FBgn0010358,2363.57243391526,5.88775857512146,1.65996947723681,3.54690773285919,0.000389781075810149,0.0147290705632259,1,gammaTry,gammaTrypsin,FBgn0010358,NM_165823,36221,GO:0004252|GO:0004252|GO:0006508|GO:0005829|GO:0006508,4,104.706442961327,64
FBgn0010359,2382.66926930964,5.97422128974321,1.6813650686827,3.55319698322496,0.000380579368339176,0.0144677304018187,1,gammaTry,gammaTrypsin,FBgn0010359,NM_165823,36221,GO:0004252|GO:0004252|GO:0006508|GO:0005829|GO:0006508,7,116.260663841494,84.5
FBgn0013688,2782.92079993875,1.13598969915733,0.281695664978423,4.03268434835284,5.51433263233416e-05,0.0035797916303958,1,NA,NA,FBgn0013688,NA,NA,NA,4,1374.42238370975,101
FBgn0263337,39.1208240007076,-1.25373385949122,0.294730963600638,-4.25382472263768,2.10149820425334e-05,0.00172745881608072,-1,lncRNA:CR43418,long non-coding RNA:CR43418,FBgn0263337,NR_048142,12798337,NA,2,1,27.75
FBgn0263442,21.0678192548962,1.44854010168628,0.370568852905811,3.90896344991645,9.26929853048069e-05,0.00523839509363192,1,asRNA:CR43465,antisense RNA:CR43465,FBgn0263442,NR_047908,12798571,NA,7,380.890771662759,102.5
FBgn0264711,49.8242298852728,2.04711387433979,0.577363200039943,3.54562582824496,0.000391681938121643,0.0147568501627437,1,CG43980,uncharacterized protein,FBgn0264711,NM_001275256,2768995,GO:0046982,1,0,11.25
FBgn0265168,31.0104230626182,-1.2109410205408,0.348902176897847,-3.47071787085854,0.000519069060713338,0.0175223873055204,-1,asRNA:CR44237,antisense RNA:CR44237,FBgn0265168,NR_074012,14462469,NA,1,0,11.25
FBgn0265508,376.791458920771,1.09236926153617,0.198139188912289,5.51314087603204,3.52485863911484e-08,1.14413296186038e-05,1,asRNA:CR44370,antisense RNA:CR44370,FBgn0265508,NR_124558,19834935,NA,3,0,25.5
FBgn0265919,16.5526526052265,1.83212768230687,0.468935579661126,3.90699226454697,9.34521442138956e-05,0.00525782530490535,1,lncRNA:CR44708,long non-coding RNA:CR44708,FBgn0265919,NR_123954,19835283,NA,5,202.802114682108,85
FBgn0266437,9.60354941398086,3.4698708437929,0.979450868050498,3.54266962946222,0.000396098585170972,0.0147717810488982,1,CG45067,uncharacterized protein,FBgn0266437,NM_001347774,38371,GO:0003674|GO:0008150|GO:0016021,3,945,86.25
FBgn0266577,52.1080163798976,-1.72881952335428,0.278132173756386,-6.21581998229568,5.10573122715049e-10,4.22727097141032e-07,-1,asRNA:CR45108,antisense RNA:CR45108,FBgn0266577,NR_124457,19835372,NA,4,401.20644577779,84.5
FBgn0266691,57.4342890424191,-1.50377615771048,0.36497839713116,-4.12017853530679,3.7857893129624e-05,0.00270758796117464,-1,lncRNA:CR45181,long non-coding RNA:CR45181,FBgn0266691,NR_125324,19835897,NA,3,0.5,33.75
FBgn0266838,39.2583455058807,-1.14029918256745,0.302741634385864,-3.76657536675006,0.000165502138739811,0.0079930340873972,-1,asRNA:CR45300,antisense RNA:CR45300,FBgn0266838,NR_124051,19835960,NA,5,31.4779162357342,65.5
FBgn0266925,210.974085474736,1.13752425587528,0.324510101304728,3.50535854292898,0.000455992744788956,0.016304850547986,1,asRNA:CR45376,antisense RNA:CR45376,FBgn0266925,NR_124688,19836124,NA,2,6.78889123073126,31.25
FBgn0266933,115.648203827009,1.51213620419879,0.382320341168269,3.95515498751152,7.64850518354354e-05,0.00454565385532759,1,asRNA:CR45384,antisense RNA:CR45384,FBgn0266933,NR_125025,19835185,NA,4,0,35.75
FBgn0267012,42.4885860613358,1.46534203512013,0.319354710825522,4.5884465938588,4.46556515217647e-06,0.000513905356921836,1,lncRNA:CR45456,long non-coding RNA:CR45456,FBgn0267012,NR_124161,19835849,NA,3,141,57
FBgn0267013,30.0595481374636,1.37175335039936,0.421234759436452,3.25650559377995,0.00112792708001946,0.0301232677341062,1,lncRNA:CR45457,long non-coding RNA:CR45457,FBgn0267013,NR_124162,19834867,NA,10,1645.90694617188,135
FBgn0267659,57.3334616005314,-2.71575329969405,0.436555885171481,-6.2208605861018,4.9443535583845e-10,4.22727097141032e-07,-1,lncRNA:CR45997,long non-coding RNA:CR45997,FBgn0267659,NR_133130,26067318,NA,1,0,11.25
FBgn0267985,32.2949626918019,-1.62163816100976,0.437835194080539,-3.70376384295746,0.000212424024293798,0.00936960182416444,-1,lncRNA:CR46252,long non-coding RNA:CR46252,FBgn0267985,NR_133315,26067562,NA,3,8.85675860744765,40.25
FBgn0014454,11258.8816935863,6.17848452733324,1.24403463849987,4.9664891443727,6.81758675711896e-07,0.000113105207396298,1,Acp1,Adult cuticle protein 1,FBgn0014454,NM_057767,34052,GO:0008012|GO:0008365,3,98.0522527877391,52.75
FBgn0015376,80.4025476974362,1.26023269974551,0.296815924219663,4.24583924551452,2.17776731591302e-05,0.00176720233667583,1,cutlet,cutlet,FBgn0015376,NM_175955,44637,GO:0003677|GO:0003689|GO:0005524|GO:0005634|GO:0005634|GO:0016887|GO:0031390|GO:1900264,4,922.248677153369,96
FBgn0022702,344.847012967718,1.28576408033992,0.345301945566392,3.72359350084433,0.000196407074263614,0.00884810374769781,1,Cht2,Chitinase 2,FBgn0022702,NM_001259621,38223,GO:0004568|GO:0004568|GO:0005576|GO:0005615|GO:0005975|GO:0006032|GO:0006032|GO:0008061|GO:0008362|GO:0008363|GO:0018990|GO:0040003|GO:0042060,3,186.319801645454,63.25
FBgn0024977,26.1636315957203,-1.43783778840436,0.37964475882959,-3.78732421550368,0.000152278344958974,0.00753004519076427,-1,NA,NA,FBgn0024977,NA,NA,NA,2,0,18
FBgn0025393,53.5293724604994,-1.00167864717851,0.296287920753274,-3.38076099974603,0.000722853876023533,0.0221029159820819,-1,CG14795,uncharacterized protein,FBgn0025393,NM_130569,31109,NA,12,79.2389531336779,98.25
FBgn0025835,241.259328830785,1.02967387404926,0.31860816469442,3.23178746858803,0.00123018515950134,0.031103386402271,1,CG17707,uncharacterized protein,FBgn0025835,NM_001169156,5740408,GO:0016747,2,0,18
FBgn0027600,116.282467658166,3.30824706645073,0.579841311115316,5.70543526829327,1.16046153855818e-08,4.37438171102928e-06,1,obst-B,obstructor-B,FBgn0027600,NM_135495,34336,GO:0005576|GO:0008061|GO:0062129,4,587.319741524772,93
FBgn0028544,758.32743275041,2.82093615864767,0.917416261163294,3.07487045746355,0.00210594002068269,0.0452616209199017,1,Vajk3,Vajk3,FBgn0028544,NM_135846,34812,GO:0005214|GO:0008061|GO:0035220|GO:0040003|GO:0062129,1,0,11.25
FBgn0028855,355.277217063786,-1.06914607565691,0.283905938936251,-3.7658461096757,0.000165986009993101,0.0079930340873972,-1,CG15282,uncharacterized protein,FBgn0028855,NM_001201882,34853,GO:0003674|GO:0005575|GO:0008150,10,28.0825444443964,86.5
FBgn0030477,81.6102216581725,1.01029248608992,0.245717772939055,4.11159711406185,3.9293153234327e-05,0.00277883813851031,1,dmrt11E,doublesex-Mab related 11E,FBgn0030477,NM_078591,32291,GO:0000977|GO:0000978|GO:0000981|GO:0001228|GO:0005634|GO:0006357|GO:0006357|GO:0007283|GO:0007548,7,58.1695478183223,80
FBgn0030588,165.845465373841,1.13300209987257,0.349893374103585,3.23813533987399,0.00120313719642061,0.0308831788529941,1,CG9521,uncharacterized protein,FBgn0030588,NM_132749,32414,GO:0016491|GO:0016491|GO:0016614|GO:0045455|GO:0045455|GO:0050660,2,0,18
FBgn0030688,9.7752246820902,2.53872242325286,0.599984061266287,4.23131644179814,2.32327548284136e-05,0.00185555921142467,1,CG8952,uncharacterized protein,FBgn0030688,NM_132844,32525,GO:0004252|GO:0004252|GO:0006508|GO:0006508|GO:0017171,1,0,11.25
FBgn0030780,80.4545988461471,1.07011867731561,0.335733550549316,3.18740464146262,0.00143555785707033,0.034680776550865,1,CG13008,uncharacterized protein,FBgn0030780,NM_132926,32654,GO:0003674|GO:0005575|GO:0008150,17,217.737640400059,117
FBgn0030981,82.7340590812144,-1.98889143583878,0.336358385296617,-5.91301279462643,3.35906074932088e-09,1.63547500098666e-06,-1,CG14191,uncharacterized protein,FBgn0030981,NM_133118,32893,NA,5,28.294787674436,64.5
FBgn0031142,54.3079512254459,1.10089835600965,0.333073031291076,3.30527617844738,0.00094882853617219,0.0265148354070723,1,r-cup,ryder cup,FBgn0031142,NM_134575,33075,NA,4,27.5399381279645,54
FBgn0031301,54.3386298683019,3.87201257665264,1.03800940251181,3.73022880841256,0.000191305958886854,0.00871130263866433,1,CG14339,uncharacterized protein,FBgn0031301,NM_134722,33286,GO:0005680|GO:0005737|GO:0007091|GO:0016567|GO:0031145|GO:0045842|GO:0051301,4,56.4139194139194,59
FBgn0031542,554.975301168708,1.123020589065,0.281444899818757,3.99019697918914,6.60184443334937e-05,0.00411688417151575,1,CG15414,uncharacterized protein,FBgn0031542,NM_134940,33570,NA,11,1501.42382235474,137.25
FBgn0031756,11.3682976213717,3.11494203213063,0.851116383649536,3.65983089031132,0.00025238175254753,0.0104750839524563,1,CG13992,uncharacterized protein,FBgn0031756,NM_001201774,33831,NA,1,0,11.25
FBgn0031758,21.0678192548962,1.44854010168628,0.370568852905811,3.90896344991645,9.26929853048069e-05,0.00523839509363192,1,Ucp4B,Uncoupling protein 4B,FBgn0031758,NM_001258975,33833,GO:0006839|GO:0009409|GO:0022857|GO:0031966,7,437.857082698159,108.25
